,ImageId,Label
0,1,1
1,2,5
2,3,2
3,4,8
4,5,4
5,6,4
6,7,0
7,8,4
8,9,4
9,10,8
10,11,7
11,12,2
12,13,8
13,14,2
14,15,9
15,16,4
16,17,8
17,18,8
18,19,1
19,20,1
20,21,6
21,22,2
22,23,5
23,24,6
24,25,7
25,26,5
26,27,2
27,28,1
28,29,9
29,30,2
30,31,2
31,32,3
32,33,2
33,34,6
34,35,5
35,36,6
36,37,1
37,38,0
38,39,0
39,40,9
40,41,4
41,42,1
42,43,0
43,44,4
44,45,0
45,46,2
46,47,3
47,48,4
48,49,4
49,50,7
50,51,3
51,52,2
52,53,8
53,54,1
54,55,7
55,56,8
56,57,3
57,58,4
58,59,9
59,60,6
60,61,5
61,62,2
62,63,2
63,64,3
64,65,2
65,66,5
66,67,2
67,68,4
68,69,8
69,70,2
70,71,1
71,72,3
72,73,8
73,74,9
74,75,5
75,76,0
76,77,1
77,78,8
78,79,2
79,80,8
80,81,0
81,82,7
82,83,3
83,84,5
84,85,9
85,86,1
86,87,1
87,88,7
88,89,5
89,90,2
90,91,9
91,92,3
92,93,7
93,94,2
94,95,1
95,96,1
96,97,7
97,98,4
98,99,3
99,100,4
100,101,8
101,102,9
102,103,9
103,104,9
104,105,4
105,106,7
106,107,5
107,108,0
108,109,1
109,110,8
110,111,2
111,112,9
112,113,3
113,114,8
114,115,0
115,116,8
116,117,3
117,118,0
118,119,5
119,120,5
120,121,3
121,122,7
122,123,1
123,124,5
124,125,1
125,126,9
126,127,9
127,128,6
128,129,3
129,130,6
130,131,2
131,132,2
132,133,3
133,134,6
134,135,8
135,136,1
136,137,8
137,138,2
138,139,6
139,140,5
140,141,5
141,142,4
142,143,1
143,144,6
144,145,0
145,146,1
146,147,8
147,148,1
148,149,7
149,150,1
150,151,9
151,152,5
152,153,9
153,154,4
154,155,2
155,156,7
156,157,4
157,158,1
158,159,5
159,160,6
160,161,8
161,162,3
162,163,7
163,164,4
164,165,9
165,166,2
166,167,3
167,168,0
168,169,1
169,170,2
170,171,6
171,172,9
172,173,1
173,174,3
174,175,8
175,176,0
176,177,9
177,178,5
178,179,9
179,180,7
180,181,9
181,182,0
182,183,8
183,184,5
184,185,8
185,186,7
186,187,7
187,188,1
188,189,1
189,190,8
190,191,9
191,192,7
192,193,4
193,194,7
194,195,8
195,196,3
196,197,0
197,198,6
198,199,2
199,200,1
200,201,8
201,202,6
202,203,1
203,204,6
204,205,0
205,206,0
206,207,6
207,208,4
208,209,3
209,210,8
210,211,8
211,212,7
212,213,9
213,214,5
214,215,7
215,216,7
216,217,5
217,218,0
218,219,9
219,220,8
220,221,7
221,222,5
222,223,4
223,224,4
224,225,7
225,226,0
226,227,1
227,228,8
228,229,2
229,230,1
230,231,0
231,232,7
232,233,4
233,234,5
234,235,4
235,236,2
236,237,9
237,238,2
238,239,6
239,240,1
240,241,5
241,242,9
242,243,8
243,244,6
244,245,3
245,246,9
246,247,4
247,248,2
248,249,2
249,250,2
250,251,5
251,252,3
252,253,2
253,254,2
254,255,8
255,256,5
256,257,3
257,258,0
258,259,7
259,260,7
260,261,2
261,262,4
262,263,7
263,264,2
264,265,3
265,266,0
266,267,0
267,268,2
268,269,9
269,270,8
270,271,1
271,272,2
272,273,8
273,274,6
274,275,0
275,276,9
276,277,2
277,278,2
278,279,0
279,280,0
280,281,1
281,282,8
282,283,8
283,284,2
284,285,9
285,286,2
286,287,2
287,288,1
288,289,1
289,290,0
290,291,3
291,292,1
292,293,2
293,294,5
294,295,2
295,296,3
296,297,8
297,298,9
298,299,2
299,300,1
300,301,9
301,302,4
302,303,4
303,304,8
304,305,5
305,306,4
306,307,7
307,308,2
308,309,6
309,310,2
310,311,5
311,312,5
312,313,2
313,314,2
314,315,1
315,316,7
316,317,4
317,318,9
318,319,5
319,320,3
320,321,9
321,322,5
322,323,6
323,324,9
324,325,1
325,326,0
326,327,7
327,328,2
328,329,2
329,330,5
330,331,5
331,332,9
332,333,3
333,334,4
334,335,8
335,336,5
336,337,1
337,338,1
338,339,0
339,340,7
340,341,7
341,342,5
342,343,2
343,344,0
344,345,0
345,346,7
346,347,4
347,348,0
348,349,8
349,350,4
350,351,5
351,352,3
352,353,0
353,354,9
354,355,5
355,356,1
356,357,4
357,358,8
358,359,1
359,360,5
360,361,2
361,362,1
362,363,0
363,364,4
364,365,9
365,366,4
366,367,9
367,368,3
368,369,1
369,370,6
370,371,4
371,372,7
372,373,1
373,374,9
374,375,0
375,376,0
376,377,1
377,378,0
378,379,2
379,380,8
380,381,2
381,382,0
382,383,1
383,384,9
384,385,8
385,386,7
386,387,7
387,388,8
388,389,2
389,390,1
390,391,9
391,392,2
392,393,2
393,394,8
394,395,1
395,396,1
396,397,1
397,398,7
398,399,3
399,400,4
400,401,0
401,402,8
402,403,9
403,404,3
404,405,6
405,406,2
406,407,7
407,408,2
408,409,0
409,410,9
410,411,0
411,412,9
412,413,5
413,414,1
414,415,0
415,416,6
416,417,9
417,418,4
418,419,1
419,420,3
420,421,6
421,422,0
422,423,5
423,424,9
424,425,4
425,426,5
426,427,8
427,428,8
428,429,2
429,430,1
430,431,8
431,432,1
432,433,6
433,434,1
434,435,9
435,436,3
436,437,4
437,438,4
438,439,9
439,440,9
440,441,9
441,442,1
442,443,2
443,444,4
444,445,6
445,446,9
446,447,9
447,448,1
448,449,3
449,450,8
450,451,0
451,452,8
452,453,5
453,454,6
454,455,2
455,456,8
456,457,8
457,458,4
458,459,8
459,460,2
460,461,3
461,462,9
462,463,1
463,464,5
464,465,2
465,466,9
466,467,6
467,468,8
468,469,4
469,470,4
470,471,9
471,472,9
472,473,0
473,474,9
474,475,8
475,476,3
476,477,1
477,478,8
478,479,3
479,480,2
480,481,5
481,482,9
482,483,5
483,484,6
484,485,0
485,486,3
486,487,6
487,488,0
488,489,0
489,490,9
490,491,9
491,492,4
492,493,7
493,494,4
494,495,1
495,496,4
496,497,9
497,498,6
498,499,2
499,500,0
500,501,7
501,502,7
502,503,3
503,504,1
504,505,2
505,506,3
506,507,3
507,508,3
508,509,5
509,510,4
510,511,8
511,512,1
512,513,2
513,514,7
514,515,9
515,516,6
516,517,0
517,518,7
518,519,1
519,520,5
520,521,6
521,522,4
522,523,8
523,524,3
524,525,7
525,526,4
526,527,0
527,528,4
528,529,1
529,530,3
530,531,9
531,532,3
532,533,7
533,534,9
534,535,5
535,536,1
536,537,1
537,538,4
538,539,5
539,540,2
540,541,7
541,542,6
542,543,0
543,544,6
544,545,0
545,546,9
546,547,5
547,548,2
548,549,5
549,550,4
550,551,0
551,552,3
552,553,5
553,554,0
554,555,4
555,556,2
556,557,9
557,558,8
558,559,3
559,560,0
560,561,5
561,562,6
562,563,3
563,564,3
564,565,2
565,566,6
566,567,4
567,568,7
568,569,2
569,570,0
570,571,1
571,572,1
572,573,8
573,574,8
574,575,3
575,576,8
576,577,2
577,578,0
578,579,4
579,580,0
580,581,9
581,582,2
582,583,3
583,584,5
584,585,0
585,586,7
586,587,3
587,588,2
588,589,0
589,590,9
590,591,4
591,592,6
592,593,7
593,594,2
594,595,1
595,596,9
596,597,5
597,598,5
598,599,2
599,600,5
600,601,9
601,602,5
602,603,2
603,604,7
604,605,3
605,606,1
606,607,7
607,608,2
608,609,4
609,610,1
610,611,4
611,612,0
612,613,2
613,614,4
614,615,2
615,616,6
616,617,6
617,618,2
618,619,9
619,620,5
620,621,3
621,622,3
622,623,2
623,624,1
624,625,1
625,626,8
626,627,0
627,628,5
628,629,4
629,630,3
630,631,3
631,632,9
632,633,5
633,634,0
634,635,2
635,636,5
636,637,6
637,638,9
638,639,0
639,640,6
640,641,1
641,642,5
642,643,9
643,644,6
644,645,3
645,646,5
646,647,5
647,648,1
648,649,2
649,650,8
650,651,3
651,652,6
652,653,1
653,654,2
654,655,9
655,656,4
656,657,7
657,658,6
658,659,9
659,660,7
660,661,1
661,662,4
662,663,2
663,664,8
664,665,8
665,666,7
666,667,4
667,668,4
668,669,7
669,670,3
670,671,4
671,672,7
672,673,9
673,674,6
674,675,0
675,676,7
676,677,4
677,678,4
678,679,4
679,680,5
680,681,2
681,682,4
682,683,3
683,684,9
684,685,3
685,686,6
686,687,9
687,688,1
688,689,5
689,690,8
690,691,5
691,692,0
692,693,1
693,694,7
694,695,7
695,696,1
696,697,5
697,698,2
698,699,1
699,700,8
700,701,2
701,702,0
702,703,9
703,704,8
704,705,2
705,706,6
706,707,9
707,708,2
708,709,8
709,710,1
710,711,1
711,712,8
712,713,2
713,714,4
714,715,3
715,716,1
716,717,3
717,718,8
718,719,9
719,720,7
720,721,7
721,722,2
722,723,1
723,724,7
724,725,6
725,726,8
726,727,1
727,728,1
728,729,9
729,730,1
730,731,7
731,732,7
732,733,9
733,734,3
734,735,9
735,736,7
736,737,2
737,738,5
738,739,9
739,740,1
740,741,0
741,742,1
742,743,3
743,744,6
744,745,0
745,746,2
746,747,2
747,748,5
748,749,6
749,750,0
750,751,3
751,752,8
752,753,8
753,754,2
754,755,2
755,756,6
756,757,2
757,758,3
758,759,1
759,760,1
760,761,5
761,762,1
762,763,2
763,764,5
764,765,9
765,766,2
766,767,0
767,768,7
768,769,3
769,770,4
770,771,2
771,772,9
772,773,0
773,774,0
774,775,0
775,776,2
776,777,5
777,778,1
778,779,1
779,780,5
780,781,7
781,782,3
782,783,3
783,784,2
784,785,0
785,786,0
786,787,0
787,788,1
788,789,9
789,790,9
790,791,2
791,792,7
792,793,3
793,794,4
794,795,7
795,796,0
796,797,4
797,798,0
798,799,9
799,800,7
800,801,7
801,802,1
802,803,1
803,804,4
804,805,1
805,806,7
806,807,7
807,808,5
808,809,8
809,810,4
810,811,1
811,812,3
812,813,4
813,814,2
814,815,1
815,816,8
816,817,7
817,818,1
818,819,0
819,820,7
820,821,2
821,822,6
822,823,7
823,824,1
824,825,1
825,826,4
826,827,4
827,828,2
828,829,1
829,830,1
830,831,4
831,832,6
832,833,9
833,834,2
834,835,1
835,836,2
836,837,6
837,838,5
838,839,0
839,840,8
840,841,2
841,842,0
842,843,4
843,844,6
844,845,6
845,846,1
846,847,9
847,848,9
848,849,9
849,850,3
850,851,8
851,852,4
852,853,7
853,854,4
854,855,0
855,856,3
856,857,8
857,858,4
858,859,2
859,860,5
860,861,8
861,862,8
862,863,2
863,864,5
864,865,0
865,866,0
866,867,6
867,868,9
868,869,7
869,870,6
870,871,9
871,872,1
872,873,1
873,874,4
874,875,3
875,876,6
876,877,3
877,878,6
878,879,3
879,880,4
880,881,4
881,882,3
882,883,8
883,884,1
884,885,6
885,886,8
886,887,0
887,888,1
888,889,9
889,890,3
890,891,7
891,892,3
892,893,9
893,894,7
894,895,4
895,896,8
896,897,6
897,898,7
898,899,7
899,900,4
900,901,0
901,902,0
902,903,9
903,904,9
904,905,1
905,906,5
906,907,4
907,908,1
908,909,6
909,910,0
910,911,9
911,912,6
912,913,7
913,914,3
914,915,4
915,916,3
916,917,8
917,918,2
918,919,5
919,920,0
920,921,0
921,922,3
922,923,2
923,924,0
924,925,5
925,926,6
926,927,3
927,928,7
928,929,2
929,930,7
930,931,2
931,932,9
932,933,6
933,934,6
934,935,3
935,936,5
936,937,1
937,938,1
938,939,7
939,940,2
940,941,7
941,942,3
942,943,4
943,944,4
944,945,9
945,946,4
946,947,4
947,948,0
948,949,6
949,950,6
950,951,2
951,952,7
952,953,2
953,954,2
954,955,4
955,956,0
956,957,0
957,958,1
958,959,0
959,960,7
960,961,3
961,962,6
962,963,8
963,964,1
964,965,8
965,966,8
966,967,1
967,968,7
968,969,1
969,970,3
970,971,2
971,972,6
972,973,4
973,974,6
974,975,5
975,976,6
976,977,3
977,978,4
978,979,7
979,980,8
980,981,5
981,982,8
982,983,4
983,984,3
984,985,4
985,986,5
986,987,7
987,988,5
988,989,6
989,990,5
990,991,9
991,992,8
992,993,9
993,994,0
994,995,8
995,996,0
996,997,8
997,998,9
998,999,6
999,1000,0
1000,1001,5
1001,1002,7
1002,1003,0
1003,1004,3
1004,1005,8
1005,1006,1
1006,1007,4
1007,1008,1
1008,1009,8
1009,1010,6
1010,1011,7
1011,1012,8
1012,1013,7
1013,1014,8
1014,1015,3
1015,1016,6
1016,1017,2
1017,1018,9
1018,1019,9
1019,1020,8
1020,1021,7
1021,1022,1
1022,1023,7
1023,1024,2
1024,1025,1
1025,1026,3
1026,1027,0
1027,1028,9
1028,1029,6
1029,1030,0
1030,1031,0
1031,1032,1
1032,1033,2
1033,1034,5
1034,1035,3
1035,1036,0
1036,1037,8
1037,1038,0
1038,1039,3
1039,1040,9
1040,1041,3
1041,1042,7
1042,1043,6
1043,1044,1
1044,1045,6
1045,1046,9
1046,1047,4
1047,1048,4
1048,1049,4
1049,1050,2
1050,1051,2
1051,1052,8
1052,1053,9
1053,1054,8
1054,1055,6
1055,1056,4
1056,1057,6
1057,1058,4
1058,1059,9
1059,1060,4
1060,1061,9
1061,1062,5
1062,1063,1
1063,1064,7
1064,1065,1
1065,1066,6
1066,1067,9
1067,1068,1
1068,1069,7
1069,1070,6
1070,1071,1
1071,1072,7
1072,1073,1
1073,1074,5
1074,1075,9
1075,1076,5
1076,1077,7
1077,1078,3
1078,1079,8
1079,1080,3
1080,1081,7
1081,1082,1
1082,1083,5
1083,1084,6
1084,1085,5
1085,1086,1
1086,1087,5
1087,1088,1
1088,1089,0
1089,1090,2
1090,1091,5
1091,1092,5
1092,1093,6
1093,1094,9
1094,1095,7
1095,1096,9
1096,1097,8
1097,1098,4
1098,1099,3
1099,1100,8
1100,1101,8
1101,1102,2
1102,1103,9
1103,1104,3
1104,1105,9
1105,1106,9
1106,1107,5
1107,1108,7
1108,1109,5
1109,1110,2
1110,1111,3
1111,1112,6
1112,1113,7
1113,1114,0
1114,1115,1
1115,1116,6
1116,1117,5
1117,1118,2
1118,1119,0
1119,1120,1
1120,1121,9
1121,1122,0
1122,1123,8
1123,1124,2
1124,1125,3
1125,1126,2
1126,1127,7
1127,1128,4
1128,1129,3
1129,1130,7
1130,1131,3
1131,1132,6
1132,1133,3
1133,1134,3
1134,1135,9
1135,1136,4
1136,1137,8
1137,1138,1
1138,1139,1
1139,1140,6
1140,1141,1
1141,1142,4
1142,1143,5
1143,1144,1
1144,1145,7
1145,1146,6
1146,1147,5
1147,1148,6
1148,1149,2
1149,1150,7
1150,1151,4
1151,1152,0
1152,1153,6
1153,1154,1
1154,1155,4
1155,1156,0
1156,1157,5
1157,1158,9
1158,1159,2
1159,1160,6
1160,1161,5
1161,1162,3
1162,1163,2
1163,1164,3
1164,1165,6
1165,1166,5
1166,1167,6
1167,1168,0
1168,1169,4
1169,1170,7
1170,1171,3
1171,1172,2
1172,1173,1
1173,1174,2
1174,1175,1
1175,1176,6
1176,1177,6
1177,1178,7
1178,1179,0
1179,1180,4
1180,1181,2
1181,1182,7
1182,1183,1
1183,1184,7
1184,1185,0
1185,1186,7
1186,1187,6
1187,1188,1
1188,1189,0
1189,1190,8
1190,1191,3
1191,1192,9
1192,1193,5
1193,1194,0
1194,1195,2
1195,1196,3
1196,1197,8
1197,1198,2
1198,1199,8
1199,1200,5
1200,1201,2
1201,1202,4
1202,1203,2
1203,1204,7
1204,1205,3
1205,1206,6
1206,1207,6
1207,1208,5
1208,1209,1
1209,1210,4
1210,1211,9
1211,1212,0
1212,1213,4
1213,1214,4
1214,1215,9
1215,1216,8
1216,1217,7
1217,1218,2
1218,1219,8
1219,1220,9
1220,1221,1
1221,1222,1
1222,1223,1
1223,1224,5
1224,1225,3
1225,1226,4
1226,1227,2
1227,1228,3
1228,1229,8
1229,1230,2
1230,1231,9
1231,1232,8
1232,1233,5
1233,1234,0
1234,1235,4
1235,1236,5
1236,1237,4
1237,1238,1
1238,1239,4
1239,1240,4
1240,1241,9
1241,1242,1
1242,1243,2
1243,1244,6
1244,1245,6
1245,1246,0
1246,1247,1
1247,1248,1
1248,1249,5
1249,1250,7
1250,1251,3
1251,1252,2
1252,1253,7
1253,1254,7
1254,1255,7
1255,1256,0
1256,1257,0
1257,1258,7
1258,1259,7
1259,1260,9
1260,1261,7
1261,1262,0
1262,1263,4
1263,1264,1
1264,1265,5
1265,1266,2
1266,1267,6
1267,1268,6
1268,1269,6
1269,1270,3
1270,1271,9
1271,1272,9
1272,1273,3
1273,1274,1
1274,1275,9
1275,1276,5
1276,1277,3
1277,1278,5
1278,1279,9
1279,1280,9
1280,1281,5
1281,1282,2
1282,1283,1
1283,1284,4
1284,1285,3
1285,1286,3
1286,1287,3
1287,1288,3
1288,1289,9
1289,1290,0
1290,1291,1
1291,1292,1
1292,1293,1
1293,1294,5
1294,1295,4
1295,1296,3
1296,1297,7
1297,1298,3
1298,1299,4
1299,1300,3
1300,1301,6
1301,1302,9
1302,1303,5
1303,1304,2
1304,1305,3
1305,1306,6
1306,1307,6
1307,1308,8
1308,1309,4
1309,1310,9
1310,1311,2
1311,1312,0
1312,1313,8
1313,1314,5
1314,1315,1
1315,1316,9
1316,1317,8
1317,1318,9
1318,1319,7
1319,1320,8
1320,1321,7
1321,1322,6
1322,1323,0
1323,1324,0
1324,1325,7
1325,1326,0
1326,1327,9
1327,1328,0
1328,1329,1
1329,1330,7
1330,1331,4
1331,1332,6
1332,1333,8
1333,1334,3
1334,1335,3
1335,1336,9
1336,1337,6
1337,1338,9
1338,1339,2
1339,1340,8
1340,1341,6
1341,1342,5
1342,1343,2
1343,1344,6
1344,1345,1
1345,1346,0
1346,1347,7
1347,1348,5
1348,1349,6
1349,1350,8
1350,1351,4
1351,1352,1
1352,1353,0
1353,1354,1
1354,1355,3
1355,1356,6
1356,1357,9
1357,1358,1
1358,1359,0
1359,1360,7
1360,1361,1
1361,1362,3
1362,1363,2
1363,1364,1
1364,1365,7
1365,1366,2
1366,1367,9
1367,1368,7
1368,1369,7
1369,1370,1
1370,1371,5
1371,1372,1
1372,1373,6
1373,1374,4
1374,1375,4
1375,1376,7
1376,1377,1
1377,1378,6
1378,1379,5
1379,1380,5
1380,1381,2
1381,1382,6
1382,1383,2
1383,1384,6
1384,1385,5
1385,1386,0
1386,1387,3
1387,1388,3
1388,1389,0
1389,1390,7
1390,1391,8
1391,1392,4
1392,1393,2
1393,1394,1
1394,1395,2
1395,1396,7
1396,1397,8
1397,1398,6
1398,1399,5
1399,1400,3
1400,1401,8
1401,1402,3
1402,1403,3
1403,1404,1
1404,1405,3
1405,1406,6
1406,1407,2
1407,1408,4
1408,1409,6
1409,1410,8
1410,1411,3
1411,1412,0
1412,1413,4
1413,1414,3
1414,1415,3
1415,1416,4
1416,1417,4
1417,1418,9
1418,1419,9
1419,1420,6
1420,1421,3
1421,1422,6
1422,1423,8
1423,1424,2
1424,1425,3
1425,1426,5
1426,1427,6
1427,1428,7
1428,1429,5
1429,1430,8
1430,1431,1
1431,1432,9
1432,1433,0
1433,1434,7
1434,1435,1
1435,1436,6
1436,1437,6
1437,1438,0
1438,1439,7
1439,1440,3
1440,1441,8
1441,1442,5
1442,1443,4
1443,1444,2
1444,1445,7
1445,1446,4
1446,1447,2
1447,1448,5
1448,1449,8
1449,1450,9
1450,1451,7
1451,1452,2
1452,1453,4
1453,1454,4
1454,1455,5
1455,1456,5
1456,1457,6
1457,1458,8
1458,1459,2
1459,1460,7
1460,1461,6
1461,1462,6
1462,1463,8
1463,1464,1
1464,1465,9
1465,1466,6
1466,1467,9
1467,1468,1
1468,1469,5
1469,1470,5
1470,1471,0
1471,1472,5
1472,1473,2
1473,1474,6
1474,1475,6
1475,1476,1
1476,1477,5
1477,1478,8
1478,1479,4
1479,1480,9
1480,1481,4
1481,1482,6
1482,1483,5
1483,1484,1
1484,1485,1
1485,1486,0
1486,1487,3
1487,1488,0
1488,1489,9
1489,1490,4
1490,1491,3
1491,1492,1
1492,1493,2
1493,1494,9
1494,1495,0
1495,1496,8
1496,1497,6
1497,1498,1
1498,1499,1
1499,1500,7
1500,1501,4
1501,1502,1
1502,1503,1
1503,1504,1
1504,1505,6
1505,1506,4
1506,1507,2
1507,1508,9
1508,1509,5
1509,1510,7
1510,1511,5
1511,1512,7
1512,1513,3
1513,1514,3
1514,1515,1
1515,1516,5
1516,1517,0
1517,1518,2
1518,1519,5
1519,1520,7
1520,1521,0
1521,1522,3
1522,1523,4
1523,1524,4
1524,1525,7
1525,1526,7
1526,1527,3
1527,1528,7
1528,1529,8
1529,1530,6
1530,1531,4
1531,1532,6
1532,1533,0
1533,1534,8
1534,1535,0
1535,1536,8
1536,1537,5
1537,1538,2
1538,1539,1
1539,1540,2
1540,1541,6
1541,1542,5
1542,1543,3
1543,1544,5
1544,1545,0
1545,1546,1
1546,1547,7
1547,1548,3
1548,1549,6
1549,1550,8
1550,1551,9
1551,1552,1
1552,1553,2
1553,1554,3
1554,1555,4
1555,1556,1
1556,1557,8
1557,1558,2
1558,1559,0
1559,1560,2
1560,1561,6
1561,1562,3
1562,1563,1
1563,1564,4
1564,1565,8
1565,1566,0
1566,1567,8
1567,1568,3
1568,1569,8
1569,1570,0
1570,1571,1
1571,1572,4
1572,1573,9
1573,1574,1
1574,1575,7
1575,1576,8
1576,1577,0
1577,1578,9
1578,1579,9
1579,1580,8
1580,1581,5
1581,1582,0
1582,1583,2
1583,1584,2
1584,1585,1
1585,1586,2
1586,1587,3
1587,1588,8
1588,1589,2
1589,1590,0
1590,1591,7
1591,1592,7
1592,1593,7
1593,1594,8
1594,1595,5
1595,1596,8
1596,1597,6
1597,1598,1
1598,1599,0
1599,1600,9
1600,1601,1
1601,1602,8
1602,1603,0
1603,1604,1
1604,1605,6
1605,1606,9
1606,1607,0
1607,1608,5
1608,1609,4
1609,1610,1
1610,1611,8
1611,1612,2
1612,1613,2
1613,1614,8
1614,1615,6
1615,1616,3
1616,1617,7
1617,1618,5
1618,1619,2
1619,1620,0
1620,1621,1
1621,1622,3
1622,1623,8
1623,1624,5
1624,1625,8
1625,1626,2
1626,1627,4
1627,1628,2
1628,1629,9
1629,1630,3
1630,1631,2
1631,1632,7
1632,1633,2
1633,1634,1
1634,1635,6
1635,1636,4
1636,1637,5
1637,1638,1
1638,1639,0
1639,1640,3
1640,1641,7
1641,1642,8
1642,1643,7
1643,1644,1
1644,1645,7
1645,1646,7
1646,1647,2
1647,1648,4
1648,1649,0
1649,1650,1
1650,1651,6
1651,1652,4
1652,1653,9
1653,1654,2
1654,1655,5
1655,1656,5
1656,1657,5
1657,1658,4
1658,1659,8
1659,1660,9
1660,1661,5
1661,1662,1
1662,1663,3
1663,1664,6
1664,1665,4
1665,1666,2
1666,1667,6
1667,1668,9
1668,1669,9
1669,1670,2
1670,1671,9
1671,1672,8
1672,1673,2
1673,1674,6
1674,1675,1
1675,1676,9
1676,1677,6
1677,1678,0
1678,1679,9
1679,1680,2
1680,1681,4
1681,1682,3
1682,1683,6
1683,1684,4
1684,1685,4
1685,1686,1
1686,1687,4
1687,1688,1
1688,1689,5
1689,1690,2
1690,1691,1
1691,1692,4
1692,1693,9
1693,1694,7
1694,1695,9
1695,1696,4
1696,1697,6
1697,1698,8
1698,1699,3
1699,1700,7
1700,1701,3
1701,1702,0
1702,1703,3
1703,1704,5
1704,1705,1
1705,1706,8
1706,1707,8
1707,1708,9
1708,1709,1
1709,1710,8
1710,1711,8
1711,1712,4
1712,1713,2
1713,1714,9
1714,1715,2
1715,1716,8
1716,1717,2
1717,1718,9
1718,1719,1
1719,1720,8
1720,1721,9
1721,1722,2
1722,1723,0
1723,1724,2
1724,1725,2
1725,1726,5
1726,1727,1
1727,1728,9
1728,1729,3
1729,1730,4
1730,1731,1
1731,1732,8
1732,1733,5
1733,1734,4
1734,1735,6
1735,1736,8
1736,1737,6
1737,1738,6
1738,1739,7
1739,1740,8
1740,1741,0
1741,1742,5
1742,1743,7
1743,1744,0
1744,1745,7
1745,1746,4
1746,1747,8
1747,1748,2
1748,1749,9
1749,1750,4
1750,1751,8
1751,1752,8
1752,1753,5
1753,1754,4
1754,1755,4
1755,1756,3
1756,1757,2
1757,1758,5
1758,1759,2
1759,1760,0
1760,1761,5
1761,1762,9
1762,1763,1
1763,1764,2
1764,1765,6
1765,1766,1
1766,1767,0
1767,1768,0
1768,1769,3
1769,1770,5
1770,1771,4
1771,1772,4
1772,1773,3
1773,1774,7
1774,1775,8
1775,1776,2
1776,1777,2
1777,1778,4
1778,1779,6
1779,1780,6
1780,1781,0
1781,1782,5
1782,1783,0
1783,1784,7
1784,1785,1
1785,1786,3
1786,1787,2
1787,1788,0
1788,1789,1
1789,1790,2
1790,1791,5
1791,1792,5
1792,1793,7
1793,1794,1
1794,1795,5
1795,1796,2
1796,1797,6
1797,1798,0
1798,1799,2
1799,1800,7
1800,1801,8
1801,1802,9
1802,1803,9
1803,1804,7
1804,1805,0
1805,1806,8
1806,1807,0
1807,1808,0
1808,1809,4
1809,1810,8
1810,1811,5
1811,1812,6
1812,1813,9
1813,1814,8
1814,1815,6
1815,1816,3
1816,1817,8
1817,1818,3
1818,1819,7
1819,1820,8
1820,1821,6
1821,1822,7
1822,1823,9
1823,1824,9
1824,1825,2
1825,1826,7
1826,1827,2
1827,1828,1
1828,1829,5
1829,1830,8
1830,1831,5
1831,1832,6
1832,1833,8
1833,1834,3
1834,1835,9
1835,1836,6
1836,1837,9
1837,1838,0
1838,1839,3
1839,1840,6
1840,1841,5
1841,1842,8
1842,1843,3
1843,1844,0
1844,1845,8
1845,1846,8
1846,1847,1
1847,1848,3
1848,1849,8
1849,1850,1
1850,1851,0
1851,1852,0
1852,1853,0
1853,1854,0
1854,1855,6
1855,1856,3
1856,1857,9
1857,1858,1
1858,1859,6
1859,1860,4
1860,1861,4
1861,1862,0
1862,1863,8
1863,1864,9
1864,1865,8
1865,1866,1
1866,1867,7
1867,1868,7
1868,1869,0
1869,1870,8
1870,1871,9
1871,1872,9
1872,1873,8
1873,1874,0
1874,1875,7
1875,1876,0
1876,1877,6
1877,1878,0
1878,1879,6
1879,1880,3
1880,1881,5
1881,1882,4
1882,1883,6
1883,1884,5
1884,1885,0
1885,1886,4
1886,1887,6
1887,1888,1
1888,1889,5
1889,1890,7
1890,1891,8
1891,1892,6
1892,1893,0
1893,1894,0
1894,1895,4
1895,1896,0
1896,1897,7
1897,1898,0
1898,1899,4
1899,1900,0
1900,1901,1
1901,1902,9
1902,1903,1
1903,1904,0
1904,1905,1
1905,1906,8
1906,1907,3
1907,1908,2
1908,1909,2
1909,1910,3
1910,1911,2
1911,1912,2
1912,1913,0
1913,1914,6
1914,1915,0
1915,1916,4
1916,1917,0
1917,1918,5
1918,1919,3
1919,1920,2
1920,1921,3
1921,1922,9
1922,1923,2
1923,1924,5
1924,1925,4
1925,1926,2
1926,1927,0
1927,1928,0
1928,1929,1
1929,1930,4
1930,1931,3
1931,1932,8
1932,1933,1
1933,1934,9
1934,1935,3
1935,1936,4
1936,1937,5
1937,1938,4
1938,1939,7
1939,1940,7
1940,1941,4
1941,1942,7
1942,1943,1
1943,1944,4
1944,1945,7
1945,1946,3
1946,1947,8
1947,1948,4
1948,1949,9
1949,1950,9
1950,1951,1
1951,1952,6
1952,1953,1
1953,1954,1
1954,1955,5
1955,1956,6
1956,1957,6
1957,1958,0
1958,1959,0
1959,1960,9
1960,1961,5
1961,1962,8
1962,1963,7
1963,1964,2
1964,1965,5
1965,1966,6
1966,1967,5
1967,1968,2
1968,1969,5
1969,1970,4
1970,1971,1
1971,1972,7
1972,1973,0
1973,1974,9
1974,1975,1
1975,1976,4
1976,1977,7
1977,1978,2
1978,1979,7
1979,1980,0
1980,1981,0
1981,1982,1
1982,1983,7
1983,1984,2
1984,1985,4
1985,1986,3
1986,1987,7
1987,1988,7
1988,1989,9
1989,1990,1
1990,1991,8
1991,1992,4
1992,1993,3
1993,1994,2
1994,1995,3
1995,1996,9
1996,1997,8
1997,1998,3
1998,1999,9
1999,2000,4
2000,2001,6
2001,2002,0
2002,2003,8
2003,2004,2
2004,2005,1
2005,2006,4
2006,2007,4
2007,2008,7
2008,2009,9
2009,2010,2
2010,2011,9
2011,2012,8
2012,2013,9
2013,2014,6
2014,2015,8
2015,2016,4
2016,2017,6
2017,2018,0
2018,2019,7
2019,2020,2
2020,2021,8
2021,2022,9
2022,2023,1
2023,2024,6
2024,2025,5
2025,2026,3
2026,2027,1
2027,2028,0
2028,2029,9
2029,2030,5
2030,2031,6
2031,2032,2
2032,2033,3
2033,2034,7
2034,2035,5
2035,2036,1
2036,2037,6
2037,2038,0
2038,2039,5
2039,2040,7
2040,2041,1
2041,2042,7
2042,2043,3
2043,2044,2
2044,2045,2
2045,2046,9
2046,2047,0
2047,2048,5
2048,2049,1
2049,2050,9
2050,2051,5
2051,2052,7
2052,2053,5
2053,2054,1
2054,2055,1
2055,2056,9
2056,2057,1
2057,2058,7
2058,2059,3
2059,2060,1
2060,2061,7
2061,2062,1
2062,2063,0
2063,2064,7
2064,2065,9
2065,2066,2
2066,2067,5
2067,2068,2
2068,2069,3
2069,2070,9
2070,2071,1
2071,2072,0
2072,2073,4
2073,2074,4
2074,2075,5
2075,2076,3
2076,2077,8
2077,2078,3
2078,2079,9
2079,2080,8
2080,2081,3
2081,2082,3
2082,2083,5
2083,2084,3
2084,2085,6
2085,2086,0
2086,2087,2
2087,2088,7
2088,2089,7
2089,2090,1
2090,2091,9
2091,2092,1
2092,2093,8
2093,2094,4
2094,2095,6
2095,2096,8
2096,2097,5
2097,2098,8
2098,2099,1
2099,2100,4
2100,2101,8
2101,2102,0
2102,2103,7
2103,2104,3
2104,2105,0
2105,2106,2
2106,2107,5
2107,2108,6
2108,2109,3
2109,2110,6
2110,2111,7
2111,2112,3
2112,2113,4
2113,2114,1
2114,2115,3
2115,2116,1
2116,2117,9
2117,2118,8
2118,2119,5
2119,2120,0
2120,2121,1
2121,2122,8
2122,2123,6
2123,2124,8
2124,2125,0
2125,2126,2
2126,2127,0
2127,2128,1
2128,2129,1
2129,2130,8
2130,2131,2
2131,2132,3
2132,2133,0
2133,2134,6
2134,2135,4
2135,2136,4
2136,2137,3
2137,2138,1
2138,2139,6
2139,2140,8
2140,2141,3
2141,2142,1
2142,2143,8
2143,2144,2
2144,2145,1
2145,2146,7
2146,2147,6
2147,2148,3
2148,2149,2
2149,2150,1
2150,2151,9
2151,2152,9
2152,2153,9
2153,2154,0
2154,2155,4
2155,2156,1
2156,2157,3
2157,2158,6
2158,2159,1
2159,2160,1
2160,2161,1
2161,2162,5
2162,2163,8
2163,2164,8
2164,2165,8
2165,2166,8
2166,2167,2
2167,2168,3
2168,2169,6
2169,2170,7
2170,2171,3
2171,2172,3
2172,2173,0
2173,2174,2
2174,2175,9
2175,2176,4
2176,2177,4
2177,2178,4
2178,2179,1
2179,2180,8
2180,2181,0
2181,2182,0
2182,2183,6
2183,2184,0
2184,2185,5
2185,2186,0
2186,2187,9
2187,2188,1
2188,2189,3
2189,2190,6
2190,2191,8
2191,2192,1
2192,2193,9
2193,2194,6
2194,2195,2
2195,2196,3
2196,2197,3
2197,2198,1
2198,2199,1
2199,2200,0
2200,2201,1
2201,2202,5
2202,2203,7
2203,2204,9
2204,2205,3
2205,2206,2
2206,2207,0
2207,2208,2
2208,2209,1
2209,2210,5
2210,2211,7
2211,2212,9
2212,2213,8
2213,2214,1
2214,2215,7
2215,2216,5
2216,2217,5
2217,2218,8
2218,2219,6
2219,2220,3
2220,2221,2
2221,2222,8
2222,2223,0
2223,2224,6
2224,2225,0
2225,2226,3
2226,2227,4
2227,2228,2
2228,2229,3
2229,2230,2
2230,2231,4
2231,2232,0
2232,2233,8
2233,2234,0
2234,2235,3
2235,2236,0
2236,2237,9
2237,2238,6
2238,2239,9
2239,2240,2
2240,2241,1
2241,2242,8
2242,2243,5
2243,2244,5
2244,2245,7
2245,2246,1
2246,2247,1
2247,2248,1
2248,2249,1
2249,2250,3
2250,2251,5
2251,2252,2
2252,2253,4
2253,2254,4
2254,2255,6
2255,2256,8
2256,2257,6
2257,2258,4
2258,2259,1
2259,2260,2
2260,2261,1
2261,2262,5
2262,2263,9
2263,2264,7
2264,2265,8
2265,2266,0
2266,2267,5
2267,2268,4
2268,2269,4
2269,2270,3
2270,2271,9
2271,2272,5
2272,2273,6
2273,2274,4
2274,2275,4
2275,2276,8
2276,2277,1
2277,2278,8
2278,2279,7
2279,2280,7
2280,2281,3
2281,2282,3
2282,2283,2
2283,2284,8
2284,2285,0
2285,2286,7
2286,2287,7
2287,2288,4
2288,2289,1
2289,2290,5
2290,2291,3
2291,2292,6
2292,2293,1
2293,2294,7
2294,2295,4
2295,2296,7
2296,2297,1
2297,2298,6
2298,2299,5
2299,2300,7
2300,2301,3
2301,2302,8
2302,2303,5
2303,2304,3
2304,2305,1
2305,2306,8
2306,2307,3
2307,2308,4
2308,2309,9
2309,2310,8
2310,2311,8
2311,2312,5
2312,2313,5
2313,2314,9
2314,2315,6
2315,2316,7
2316,2317,9
2317,2318,3
2318,2319,7
2319,2320,3
2320,2321,1
2321,2322,5
2322,2323,8
2323,2324,5
2324,2325,2
2325,2326,8
2326,2327,6
2327,2328,0
2328,2329,7
2329,2330,6
2330,2331,3
2331,2332,3
2332,2333,9
2333,2334,9
2334,2335,5
2335,2336,7
2336,2337,3
2337,2338,1
2338,2339,8
2339,2340,8
2340,2341,2
2341,2342,2
2342,2343,5
2343,2344,0
2344,2345,2
2345,2346,1
2346,2347,2
2347,2348,2
2348,2349,4
2349,2350,9
2350,2351,0
2351,2352,0
2352,2353,7
2353,2354,4
2354,2355,9
2355,2356,5
2356,2357,3
2357,2358,8
2358,2359,0
2359,2360,1
2360,2361,8
2361,2362,4
2362,2363,7
2363,2364,6
2364,2365,1
2365,2366,1
2366,2367,4
2367,2368,0
2368,2369,7
2369,2370,5
2370,2371,8
2371,2372,4
2372,2373,3
2373,2374,8
2374,2375,1
2375,2376,2
2376,2377,5
2377,2378,1
2378,2379,0
2379,2380,8
2380,2381,4
2381,2382,1
2382,2383,0
2383,2384,7
2384,2385,1
2385,2386,4
2386,2387,8
2387,2388,4
2388,2389,6
2389,2390,7
2390,2391,1
2391,2392,7
2392,2393,9
2393,2394,8
2394,2395,4
2395,2396,4
2396,2397,3
2397,2398,2
2398,2399,9
2399,2400,0
2400,2401,3
2401,2402,1
2402,2403,7
2403,2404,1
2404,2405,1
2405,2406,3
2406,2407,2
2407,2408,4
2408,2409,3
2409,2410,4
2410,2411,7
2411,2412,7
2412,2413,3
2413,2414,3
2414,2415,9
2415,2416,1
2416,2417,3
2417,2418,6
2418,2419,6
2419,2420,1
2420,2421,1
2421,2422,1
2422,2423,6
2423,2424,6
2424,2425,9
2425,2426,4
2426,2427,7
2427,2428,0
2428,2429,2
2429,2430,4
2430,2431,1
2431,2432,9
2432,2433,6
2433,2434,1
2434,2435,7
2435,2436,4
2436,2437,7
2437,2438,0
2438,2439,9
2439,2440,6
2440,2441,7
2441,2442,9
2442,2443,0
2443,2444,6
2444,2445,9
2445,2446,6
2446,2447,1
2447,2448,0
2448,2449,4
2449,2450,2
2450,2451,6
2451,2452,8
2452,2453,6
2453,2454,4
2454,2455,5
2455,2456,8
2456,2457,3
2457,2458,5
2458,2459,4
2459,2460,7
2460,2461,2
2461,2462,4
2462,2463,0
2463,2464,1
2464,2465,3
2465,2466,9
2466,2467,6
2467,2468,1
2468,2469,7
2469,2470,9
2470,2471,7
2471,2472,5
2472,2473,3
2473,2474,3
2474,2475,8
2475,2476,8
2476,2477,9
2477,2478,1
2478,2479,5
2479,2480,1
2480,2481,1
2481,2482,5
2482,2483,9
2483,2484,7
2484,2485,2
2485,2486,2
2486,2487,0
2487,2488,0
2488,2489,1
2489,2490,7
2490,2491,3
2491,2492,3
2492,2493,1
2493,2494,2
2494,2495,4
2495,2496,0
2496,2497,3
2497,2498,2
2498,2499,7
2499,2500,4
2500,2501,7
2501,2502,2
2502,2503,0
2503,2504,2
2504,2505,6
2505,2506,8
2506,2507,3
2507,2508,1
2508,2509,8
2509,2510,4
2510,2511,0
2511,2512,7
2512,2513,8
2513,2514,7
2514,2515,2
2515,2516,2
2516,2517,8
2517,2518,1
2518,2519,6
2519,2520,7
2520,2521,5
2521,2522,4
2522,2523,2
2523,2524,2
2524,2525,2
2525,2526,0
2526,2527,2
2527,2528,8
2528,2529,0
2529,2530,9
2530,2531,2
2531,2532,0
2532,2533,5
2533,2534,2
2534,2535,8
2535,2536,0
2536,2537,7
2537,2538,2
2538,2539,3
2539,2540,7
2540,2541,3
2541,2542,6
2542,2543,9
2543,2544,8
2544,2545,4
2545,2546,7
2546,2547,2
2547,2548,8
2548,2549,6
2549,2550,7
2550,2551,0
2551,2552,3
2552,2553,7
2553,2554,1
2554,2555,2
2555,2556,5
2556,2557,8
2557,2558,0
2558,2559,0
2559,2560,7
2560,2561,0
2561,2562,6
2562,2563,3
2563,2564,6
2564,2565,5
2565,2566,4
2566,2567,0
2567,2568,7
2568,2569,6
2569,2570,4
2570,2571,1
2571,2572,9
2572,2573,9
2573,2574,1
2574,2575,9
2575,2576,6
2576,2577,5
2577,2578,4
2578,2579,7
2579,2580,5
2580,2581,3
2581,2582,4
2582,2583,1
2583,2584,3
2584,2585,3
2585,2586,5
2586,2587,0
2587,2588,5
2588,2589,1
2589,2590,6
2590,2591,0
2591,2592,7
2592,2593,8
2593,2594,3
2594,2595,0
2595,2596,1
2596,2597,3
2597,2598,9
2598,2599,1
2599,2600,9
2600,2601,3
2601,2602,5
2602,2603,6
2603,2604,1
2604,2605,2
2605,2606,5
2606,2607,4
2607,2608,9
2608,2609,9
2609,2610,7
2610,2611,6
2611,2612,3
2612,2613,4
2613,2614,0
2614,2615,7
2615,2616,7
2616,2617,4
2617,2618,1
2618,2619,9
2619,2620,9
2620,2621,8
2621,2622,0
2622,2623,4
2623,2624,1
2624,2625,9
2625,2626,0
2626,2627,2
2627,2628,2
2628,2629,9
2629,2630,9
2630,2631,4
2631,2632,2
2632,2633,2
2633,2634,2
2634,2635,8
2635,2636,9
2636,2637,9
2637,2638,7
2638,2639,8
2639,2640,8
2640,2641,5
2641,2642,3
2642,2643,6
2643,2644,4
2644,2645,8
2645,2646,2
2646,2647,6
2647,2648,1
2648,2649,7
2649,2650,3
2650,2651,1
2651,2652,0
2652,2653,9
2653,2654,8
2654,2655,6
2655,2656,6
2656,2657,8
2657,2658,4
2658,2659,1
2659,2660,7
2660,2661,5
2661,2662,2
2662,2663,8
2663,2664,6
2664,2665,9
2665,2666,4
2666,2667,2
2667,2668,1
2668,2669,9
2669,2670,8
2670,2671,6
2671,2672,5
2672,2673,7
2673,2674,2
2674,2675,5
2675,2676,4
2676,2677,3
2677,2678,0
2678,2679,1
2679,2680,6
2680,2681,8
2681,2682,6
2682,2683,7
2683,2684,0
2684,2685,0
2685,2686,6
2686,2687,9
2687,2688,0
2688,2689,5
2689,2690,7
2690,2691,7
2691,2692,0
2692,2693,7
2693,2694,9
2694,2695,7
2695,2696,8
2696,2697,5
2697,2698,8
2698,2699,1
2699,2700,8
2700,2701,0
2701,2702,3
2702,2703,2
2703,2704,3
2704,2705,8
2705,2706,9
2706,2707,6
2707,2708,1
2708,2709,9
2709,2710,9
2710,2711,0
2711,2712,6
2712,2713,4
2713,2714,3
2714,2715,4
2715,2716,9
2716,2717,2
2717,2718,5
2718,2719,0
2719,2720,5
2720,2721,7
2721,2722,8
2722,2723,5
2723,2724,9
2724,2725,2
2725,2726,5
2726,2727,9
2727,2728,7
2728,2729,1
2729,2730,9
2730,2731,7
2731,2732,8
2732,2733,3
2733,2734,7
2734,2735,5
2735,2736,4
2736,2737,0
2737,2738,9
2738,2739,7
2739,2740,2
2740,2741,3
2741,2742,8
2742,2743,8
2743,2744,3
2744,2745,5
2745,2746,9
2746,2747,3
2747,2748,7
2748,2749,5
2749,2750,9
2750,2751,9
2751,2752,6
2752,2753,3
2753,2754,0
2754,2755,2
2755,2756,2
2756,2757,5
2757,2758,0
2758,2759,7
2759,2760,0
2760,2761,1
2761,2762,6
2762,2763,4
2763,2764,6
2764,2765,5
2765,2766,9
2766,2767,0
2767,2768,3
2768,2769,2
2769,2770,4
2770,2771,0
2771,2772,5
2772,2773,4
2773,2774,1
2774,2775,3
2775,2776,3
2776,2777,2
2777,2778,4
2778,2779,6
2779,2780,9
2780,2781,9
2781,2782,6
2782,2783,8
2783,2784,7
2784,2785,8
2785,2786,7
2786,2787,7
2787,2788,4
2788,2789,5
2789,2790,0
2790,2791,1
2791,2792,2
2792,2793,6
2793,2794,3
2794,2795,8
2795,2796,0
2796,2797,1
2797,2798,2
2798,2799,8
2799,2800,2
2800,2801,3
2801,2802,9
2802,2803,8
2803,2804,5
2804,2805,5
2805,2806,6
2806,2807,6
2807,2808,2
2808,2809,1
2809,2810,1
2810,2811,6
2811,2812,5
2812,2813,2
2813,2814,0
2814,2815,7
2815,2816,7
2816,2817,3
2817,2818,6
2818,2819,9
2819,2820,8
2820,2821,1
2821,2822,4
2822,2823,0
2823,2824,2
2824,2825,7
2825,2826,0
2826,2827,9
2827,2828,5
2828,2829,6
2829,2830,4
2830,2831,0
2831,2832,9
2832,2833,7
2833,2834,2
2834,2835,2
2835,2836,5
2836,2837,0
2837,2838,7
2838,2839,9
2839,2840,1
2840,2841,7
2841,2842,9
2842,2843,6
2843,2844,5
2844,2845,7
2845,2846,2
2846,2847,4
2847,2848,5
2848,2849,9
2849,2850,7
2850,2851,2
2851,2852,0
2852,2853,1
2853,2854,3
2854,2855,1
2855,2856,4
2856,2857,2
2857,2858,1
2858,2859,4
2859,2860,7
2860,2861,6
2861,2862,9
2862,2863,6
2863,2864,6
2864,2865,6
2865,2866,5
2866,2867,4
2867,2868,1
2868,2869,4
2869,2870,4
2870,2871,9
2871,2872,2
2872,2873,1
2873,2874,8
2874,2875,9
2875,2876,7
2876,2877,8
2877,2878,0
2878,2879,7
2879,2880,1
2880,2881,8
2881,2882,5
2882,2883,5
2883,2884,6
2884,2885,6
2885,2886,7
2886,2887,2
2887,2888,0
2888,2889,3
2889,2890,7
2890,2891,5
2891,2892,1
2892,2893,0
2893,2894,3
2894,2895,5
2895,2896,9
2896,2897,7
2897,2898,6
2898,2899,2
2899,2900,5
2900,2901,3
2901,2902,4
2902,2903,2
2903,2904,4
2904,2905,6
2905,2906,3
2906,2907,3
2907,2908,7
2908,2909,1
2909,2910,2
2910,2911,8
2911,2912,0
2912,2913,9
2913,2914,1
2914,2915,8
2915,2916,6
2916,2917,4
2917,2918,6
2918,2919,2
2919,2920,6
2920,2921,5
2921,2922,7
2922,2923,0
2923,2924,5
2924,2925,6
2925,2926,2
2926,2927,0
2927,2928,7
2928,2929,5
2929,2930,4
2930,2931,7
2931,2932,2
2932,2933,2
2933,2934,3
2934,2935,1
2935,2936,3
2936,2937,9
2937,2938,3
2938,2939,3
2939,2940,1
2940,2941,1
2941,2942,7
2942,2943,4
2943,2944,3
2944,2945,6
2945,2946,2
2946,2947,3
2947,2948,4
2948,2949,5
2949,2950,4
2950,2951,5
2951,2952,2
2952,2953,5
2953,2954,7
2954,2955,7
2955,2956,4
2956,2957,6
2957,2958,3
2958,2959,4
2959,2960,0
2960,2961,7
2961,2962,2
2962,2963,3
2963,2964,9
2964,2965,2
2965,2966,6
2966,2967,3
2967,2968,8
2968,2969,7
2969,2970,9
2970,2971,1
2971,2972,4
2972,2973,3
2973,2974,6
2974,2975,4
2975,2976,9
2976,2977,9
2977,2978,7
2978,2979,7
2979,2980,6
2980,2981,5
2981,2982,8
2982,2983,6
2983,2984,1
2984,2985,4
2985,2986,7
2986,2987,1
2987,2988,1
2988,2989,6
2989,2990,1
2990,2991,5
2991,2992,7
2992,2993,7
2993,2994,3
2994,2995,2
2995,2996,6
2996,2997,2
2997,2998,8
2998,2999,4
2999,3000,5
3000,3001,0
3001,3002,8
3002,3003,1
3003,3004,8
3004,3005,3
3005,3006,1
3006,3007,3
3007,3008,5
3008,3009,3
3009,3010,0
3010,3011,7
3011,3012,7
3012,3013,9
3013,3014,4
3014,3015,0
3015,3016,2
3016,3017,1
3017,3018,2
3018,3019,1
3019,3020,6
3020,3021,5
3021,3022,7
3022,3023,0
3023,3024,3
3024,3025,8
3025,3026,7
3026,3027,6
3027,3028,9
3028,3029,9
3029,3030,4
3030,3031,2
3031,3032,5
3032,3033,0
3033,3034,8
3034,3035,3
3035,3036,6
3036,3037,8
3037,3038,4
3038,3039,0
3039,3040,1
3040,3041,0
3041,3042,1
3042,3043,3
3043,3044,6
3044,3045,2
3045,3046,7
3046,3047,8
3047,3048,7
3048,3049,5
3049,3050,8
3050,3051,4
3051,3052,3
3052,3053,0
3053,3054,5
3054,3055,0
3055,3056,4
3056,3057,3
3057,3058,8
3058,3059,4
3059,3060,7
3060,3061,5
3061,3062,6
3062,3063,8
3063,3064,2
3064,3065,3
3065,3066,1
3066,3067,4
3067,3068,2
3068,3069,4
3069,3070,5
3070,3071,1
3071,3072,2
3072,3073,1
3073,3074,4
3074,3075,9
3075,3076,5
3076,3077,1
3077,3078,7
3078,3079,8
3079,3080,2
3080,3081,7
3081,3082,7
3082,3083,6
3083,3084,6
3084,3085,4
3085,3086,8
3086,3087,2
3087,3088,6
3088,3089,1
3089,3090,4
3090,3091,1
3091,3092,5
3092,3093,8
3093,3094,2
3094,3095,9
3095,3096,7
3096,3097,6
3097,3098,4
3098,3099,0
3099,3100,9
3100,3101,4
3101,3102,9
3102,3103,7
3103,3104,0
3104,3105,4
3105,3106,2
3106,3107,5
3107,3108,6
3108,3109,8
3109,3110,0
3110,3111,3
3111,3112,1
3112,3113,9
3113,3114,7
3114,3115,4
3115,3116,1
3116,3117,6
3117,3118,9
3118,3119,0
3119,3120,2
3120,3121,9
3121,3122,1
3122,3123,2
3123,3124,9
3124,3125,5
3125,3126,1
3126,3127,2
3127,3128,7
3128,3129,1
3129,3130,7
3130,3131,1
3131,3132,6
3132,3133,0
3133,3134,7
3134,3135,0
3135,3136,1
3136,3137,9
3137,3138,8
3138,3139,3
3139,3140,9
3140,3141,4
3141,3142,9
3142,3143,3
3143,3144,5
3144,3145,8
3145,3146,0
3146,3147,2
3147,3148,4
3148,3149,8
3149,3150,0
3150,3151,9
3151,3152,7
3152,3153,6
3153,3154,8
3154,3155,1
3155,3156,8
3156,3157,4
3157,3158,3
3158,3159,3
3159,3160,8
3160,3161,0
3161,3162,1
3162,3163,3
3163,3164,8
3164,3165,0
3165,3166,0
3166,3167,4
3167,3168,7
3168,3169,7
3169,3170,4
3170,3171,9
3171,3172,2
3172,3173,4
3173,3174,4
3174,3175,3
3175,3176,0
3176,3177,3
3177,3178,2
3178,3179,5
3179,3180,7
3180,3181,0
3181,3182,2
3182,3183,5
3183,3184,0
3184,3185,9
3185,3186,0
3186,3187,0
3187,3188,8
3188,3189,5
3189,3190,9
3190,3191,1
3191,3192,1
3192,3193,0
3193,3194,4
3194,3195,4
3195,3196,1
3196,3197,5
3197,3198,5
3198,3199,0
3199,3200,6
3200,3201,3
3201,3202,0
3202,3203,9
3203,3204,8
3204,3205,0
3205,3206,5
3206,3207,1
3207,3208,4
3208,3209,3
3209,3210,3
3210,3211,3
3211,3212,8
3212,3213,7
3213,3214,0
3214,3215,1
3215,3216,2
3216,3217,2
3217,3218,4
3218,3219,2
3219,3220,9
3220,3221,3
3221,3222,5
3222,3223,0
3223,3224,3
3224,3225,2
3225,3226,4
3226,3227,6
3227,3228,6
3228,3229,5
3229,3230,9
3230,3231,7
3231,3232,5
3232,3233,9
3233,3234,6
3234,3235,6
3235,3236,2
3236,3237,3
3237,3238,5
3238,3239,6
3239,3240,8
3240,3241,7
3241,3242,1
3242,3243,0
3243,3244,8
3244,3245,0
3245,3246,7
3246,3247,7
3247,3248,4
3248,3249,3
3249,3250,9
3250,3251,1
3251,3252,8
3252,3253,4
3253,3254,2
3254,3255,1
3255,3256,6
3256,3257,8
3257,3258,7
3258,3259,5
3259,3260,1
3260,3261,3
3261,3262,9
3262,3263,5
3263,3264,7
3264,3265,7
3265,3266,5
3266,3267,9
3267,3268,3
3268,3269,6
3269,3270,8
3270,3271,3
3271,3272,1
3272,3273,1
3273,3274,6
3274,3275,2
3275,3276,9
3276,3277,0
3277,3278,4
3278,3279,3
3279,3280,4
3280,3281,2
3281,3282,9
3282,3283,9
3283,3284,8
3284,3285,3
3285,3286,3
3286,3287,7
3287,3288,5
3288,3289,6
3289,3290,5
3290,3291,5
3291,3292,7
3292,3293,7
3293,3294,3
3294,3295,7
3295,3296,6
3296,3297,3
3297,3298,1
3298,3299,8
3299,3300,7
3300,3301,9
3301,3302,0
3302,3303,7
3303,3304,9
3304,3305,3
3305,3306,2
3306,3307,4
3307,3308,6
3308,3309,8
3309,3310,8
3310,3311,6
3311,3312,8
3312,3313,1
3313,3314,8
3314,3315,6
3315,3316,8
3316,3317,6
3317,3318,1
3318,3319,9
3319,3320,5
3320,3321,1
3321,3322,1
3322,3323,1
3323,3324,1
3324,3325,8
3325,3326,7
3326,3327,7
3327,3328,5
3328,3329,4
3329,3330,3
3330,3331,6
3331,3332,3
3332,3333,4
3333,3334,7
3334,3335,4
3335,3336,9
3336,3337,9
3337,3338,6
3338,3339,1
3339,3340,9
3340,3341,3
3341,3342,8
3342,3343,5
3343,3344,2
3344,3345,4
3345,3346,6
3346,3347,5
3347,3348,7
3348,3349,2
3349,3350,1
3350,3351,7
3351,3352,5
3352,3353,8
3353,3354,2
3354,3355,5
3355,3356,4
3356,3357,0
3357,3358,7
3358,3359,3
3359,3360,9
3360,3361,7
3361,3362,8
3362,3363,3
3363,3364,9
3364,3365,0
3365,3366,6
3366,3367,3
3367,3368,2
3368,3369,7
3369,3370,2
3370,3371,4
3371,3372,3
3372,3373,4
3373,3374,4
3374,3375,7
3375,3376,3
3376,3377,8
3377,3378,9
3378,3379,0
3379,3380,2
3380,3381,9
3381,3382,3
3382,3383,3
3383,3384,5
3384,3385,1
3385,3386,4
3386,3387,7
3387,3388,6
3388,3389,7
3389,3390,6
3390,3391,9
3391,3392,0
3392,3393,1
3393,3394,9
3394,3395,3
3395,3396,3
3396,3397,5
3397,3398,6
3398,3399,0
3399,3400,6
3400,3401,4
3401,3402,1
3402,3403,6
3403,3404,8
3404,3405,6
3405,3406,1
3406,3407,5
3407,3408,5
3408,3409,6
3409,3410,7
3410,3411,0
3411,3412,4
3412,3413,7
3413,3414,9
3414,3415,5
3415,3416,5
3416,3417,5
3417,3418,1
3418,3419,8
3419,3420,1
3420,3421,3
3421,3422,1
3422,3423,2
3423,3424,6
3424,3425,9
3425,3426,9
3426,3427,1
3427,3428,7
3428,3429,9
3429,3430,1
3430,3431,2
3431,3432,1
3432,3433,4
3433,3434,7
3434,3435,9
3435,3436,2
3436,3437,9
3437,3438,1
3438,3439,8
3439,3440,2
3440,3441,4
3441,3442,9
3442,3443,1
3443,3444,8
3444,3445,3
3445,3446,7
3446,3447,2
3447,3448,3
3448,3449,9
3449,3450,7
3450,3451,7
3451,3452,8
3452,3453,6
3453,3454,5
3454,3455,2
3455,3456,4
3456,3457,4
3457,3458,8
3458,3459,4
3459,3460,1
3460,3461,7
3461,3462,1
3462,3463,7
3463,3464,7
3464,3465,8
3465,3466,2
3466,3467,7
3467,3468,0
3468,3469,1
3469,3470,9
3470,3471,5
3471,3472,1
3472,3473,4
3473,3474,3
3474,3475,6
3475,3476,4
3476,3477,2
3477,3478,9
3478,3479,1
3479,3480,1
3480,3481,5
3481,3482,1
3482,3483,0
3483,3484,3
3484,3485,1
3485,3486,4
3486,3487,4
3487,3488,6
3488,3489,8
3489,3490,6
3490,3491,2
3491,3492,0
3492,3493,6
3493,3494,6
3494,3495,1
3495,3496,4
3496,3497,7
3497,3498,0
3498,3499,3
3499,3500,6
3500,3501,3
3501,3502,6
3502,3503,7
3503,3504,9
3504,3505,4
3505,3506,9
3506,3507,1
3507,3508,0
3508,3509,3
3509,3510,8
3510,3511,1
3511,3512,7
3512,3513,6
3513,3514,4
3514,3515,6
3515,3516,6
3516,3517,2
3517,3518,6
3518,3519,3
3519,3520,4
3520,3521,2
3521,3522,9
3522,3523,8
3523,3524,3
3524,3525,5
3525,3526,6
3526,3527,1
3527,3528,6
3528,3529,0
3529,3530,3
3530,3531,6
3531,3532,2
3532,3533,5
3533,3534,1
3534,3535,1
3535,3536,6
3536,3537,9
3537,3538,8
3538,3539,6
3539,3540,7
3540,3541,9
3541,3542,0
3542,3543,9
3543,3544,5
3544,3545,5
3545,3546,8
3546,3547,4
3547,3548,4
3548,3549,0
3549,3550,3
3550,3551,3
3551,3552,3
3552,3553,5
3553,3554,5
3554,3555,5
3555,3556,4
3556,3557,7
3557,3558,8
3558,3559,4
3559,3560,4
3560,3561,1
3561,3562,9
3562,3563,2
3563,3564,5
3564,3565,2
3565,3566,2
3566,3567,1
3567,3568,6
3568,3569,0
3569,3570,3
3570,3571,7
3571,3572,2
3572,3573,3
3573,3574,6
3574,3575,8
3575,3576,3
3576,3577,4
3577,3578,7
3578,3579,0
3579,3580,8
3580,3581,3
3581,3582,5
3582,3583,7
3583,3584,3
3584,3585,7
3585,3586,4
3586,3587,8
3587,3588,3
3588,3589,4
3589,3590,8
3590,3591,3
3591,3592,8
3592,3593,2
3593,3594,7
3594,3595,1
3595,3596,9
3596,3597,8
3597,3598,7
3598,3599,9
3599,3600,1
3600,3601,0
3601,3602,1
3602,3603,1
3603,3604,1
3604,3605,8
3605,3606,1
3606,3607,2
3607,3608,0
3608,3609,6
3609,3610,1
3610,3611,4
3611,3612,6
3612,3613,0
3613,3614,0
3614,3615,3
3615,3616,5
3616,3617,8
3617,3618,3
3618,3619,8
3619,3620,8
3620,3621,6
3621,3622,9
3622,3623,4
3623,3624,6
3624,3625,5
3625,3626,1
3626,3627,0
3627,3628,9
3628,3629,2
3629,3630,7
3630,3631,9
3631,3632,3
3632,3633,1
3633,3634,7
3634,3635,4
3635,3636,8
3636,3637,2
3637,3638,2
3638,3639,5
3639,3640,1
3640,3641,0
3641,3642,5
3642,3643,3
3643,3644,0
3644,3645,0
3645,3646,7
3646,3647,5
3647,3648,7
3648,3649,6
3649,3650,6
3650,3651,7
3651,3652,0
3652,3653,9
3653,3654,8
3654,3655,4
3655,3656,9
3656,3657,2
3657,3658,6
3658,3659,6
3659,3660,7
3660,3661,8
3661,3662,1
3662,3663,0
3663,3664,8
3664,3665,2
3665,3666,5
3666,3667,4
3667,3668,2
3668,3669,5
3669,3670,6
3670,3671,5
3671,3672,5
3672,3673,5
3673,3674,3
3674,3675,2
3675,3676,4
3676,3677,5
3677,3678,3
3678,3679,6
3679,3680,2
3680,3681,9
3681,3682,5
3682,3683,7
3683,3684,2
3684,3685,3
3685,3686,2
3686,3687,3
3687,3688,0
3688,3689,9
3689,3690,6
3690,3691,3
3691,3692,0
3692,3693,3
3693,3694,9
3694,3695,7
3695,3696,5
3696,3697,1
3697,3698,1
3698,3699,0
3699,3700,9
3700,3701,5
3701,3702,9
3702,3703,1
3703,3704,1
3704,3705,0
3705,3706,5
3706,3707,8
3707,3708,6
3708,3709,4
3709,3710,0
3710,3711,4
3711,3712,4
3712,3713,6
3713,3714,4
3714,3715,3
3715,3716,2
3716,3717,1
3717,3718,1
3718,3719,4
3719,3720,7
3720,3721,2
3721,3722,5
3722,3723,8
3723,3724,4
3724,3725,4
3725,3726,1
3726,3727,2
3727,3728,7
3728,3729,2
3729,3730,8
3730,3731,7
3731,3732,0
3732,3733,5
3733,3734,6
3734,3735,5
3735,3736,6
3736,3737,6
3737,3738,4
3738,3739,9
3739,3740,7
3740,3741,7
3741,3742,9
3742,3743,9
3743,3744,6
3744,3745,1
3745,3746,1
3746,3747,7
3747,3748,8
3748,3749,4
3749,3750,7
3750,3751,2
3751,3752,1
3752,3753,4
3753,3754,7
3754,3755,8
3755,3756,1
3756,3757,5
3757,3758,1
3758,3759,0
3759,3760,3
3760,3761,5
3761,3762,5
3762,3763,1
3763,3764,3
3764,3765,5
3765,3766,4
3766,3767,9
3767,3768,2
3768,3769,6
3769,3770,9
3770,3771,1
3771,3772,3
3772,3773,5
3773,3774,9
3774,3775,2
3775,3776,6
3776,3777,3
3777,3778,4
3778,3779,0
3779,3780,8
3780,3781,1
3781,3782,7
3782,3783,1
3783,3784,9
3784,3785,4
3785,3786,3
3786,3787,1
3787,3788,3
3788,3789,7
3789,3790,2
3790,3791,7
3791,3792,4
3792,3793,1
3793,3794,9
3794,3795,9
3795,3796,8
3796,3797,3
3797,3798,7
3798,3799,1
3799,3800,1
3800,3801,8
3801,3802,6
3802,3803,7
3803,3804,8
3804,3805,7
3805,3806,0
3806,3807,5
3807,3808,7
3808,3809,9
3809,3810,7
3810,3811,0
3811,3812,4
3812,3813,7
3813,3814,8
3814,3815,8
3815,3816,2
3816,3817,7
3817,3818,4
3818,3819,6
3819,3820,4
3820,3821,5
3821,3822,2
3822,3823,6
3823,3824,1
3824,3825,2
3825,3826,2
3826,3827,4
3827,3828,1
3828,3829,4
3829,3830,7
3830,3831,4
3831,3832,5
3832,3833,2
3833,3834,0
3834,3835,2
3835,3836,8
3836,3837,9
3837,3838,6
3838,3839,8
3839,3840,0
3840,3841,3
3841,3842,6
3842,3843,9
3843,3844,3
3844,3845,4
3845,3846,8
3846,3847,0
3847,3848,2
3848,3849,0
3849,3850,4
3850,3851,3
3851,3852,6
3852,3853,0
3853,3854,6
3854,3855,7
3855,3856,4
3856,3857,1
3857,3858,3
3858,3859,4
3859,3860,3
3860,3861,5
3861,3862,0
3862,3863,1
3863,3864,0
3864,3865,4
3865,3866,8
3866,3867,2
3867,3868,0
3868,3869,8
3869,3870,0
3870,3871,7
3871,3872,5
3872,3873,3
3873,3874,4
3874,3875,4
3875,3876,0
3876,3877,6
3877,3878,3
3878,3879,8
3879,3880,0
3880,3881,6
3881,3882,4
3882,3883,0
3883,3884,9
3884,3885,6
3885,3886,0
3886,3887,7
3887,3888,0
3888,3889,3
3889,3890,5
3890,3891,5
3891,3892,6
3892,3893,8
3893,3894,6
3894,3895,0
3895,3896,3
3896,3897,5
3897,3898,0
3898,3899,2
3899,3900,0
3900,3901,8
3901,3902,0
3902,3903,0
3903,3904,7
3904,3905,1
3905,3906,3
3906,3907,6
3907,3908,9
3908,3909,6
3909,3910,0
3910,3911,2
3911,3912,9
3912,3913,4
3913,3914,4
3914,3915,8
3915,3916,5
3916,3917,8
3917,3918,0
3918,3919,0
3919,3920,5
3920,3921,6
3921,3922,5
3922,3923,4
3923,3924,7
3924,3925,1
3925,3926,8
3926,3927,3
3927,3928,9
3928,3929,1
3929,3930,2
3930,3931,1
3931,3932,7
3932,3933,4
3933,3934,5
3934,3935,4
3935,3936,6
3936,3937,1
3937,3938,3
3938,3939,2
3939,3940,0
3940,3941,5
3941,3942,4
3942,3943,1
3943,3944,7
3944,3945,4
3945,3946,2
3946,3947,5
3947,3948,4
3948,3949,4
3949,3950,0
3950,3951,1
3951,3952,7
3952,3953,7
3953,3954,3
3954,3955,8
3955,3956,3
3956,3957,1
3957,3958,6
3958,3959,1
3959,3960,0
3960,3961,4
3961,3962,3
3962,3963,8
3963,3964,4
3964,3965,4
3965,3966,2
3966,3967,9
3967,3968,6
3968,3969,2
3969,3970,1
3970,3971,4
3971,3972,0
3972,3973,6
3973,3974,7
3974,3975,0
3975,3976,3
3976,3977,3
3977,3978,7
3978,3979,6
3979,3980,4
3980,3981,6
3981,3982,4
3982,3983,5
3983,3984,8
3984,3985,4
3985,3986,4
3986,3987,7
3987,3988,2
3988,3989,3
3989,3990,8
3990,3991,1
3991,3992,2
3992,3993,5
3993,3994,1
3994,3995,1
3995,3996,1
3996,3997,6
3997,3998,9
3998,3999,6
3999,4000,9
4000,4001,0
4001,4002,8
4002,4003,8
4003,4004,3
4004,4005,6
4005,4006,7
4006,4007,0
4007,4008,1
4008,4009,9
4009,4010,0
4010,4011,1
4011,4012,4
4012,4013,6
4013,4014,5
4014,4015,8
4015,4016,2
4016,4017,1
4017,4018,8
4018,4019,3
4019,4020,9
4020,4021,1
4021,4022,9
4022,4023,7
4023,4024,6
4024,4025,4
4025,4026,4
4026,4027,1
4027,4028,1
4028,4029,2
4029,4030,3
4030,4031,5
4031,4032,0
4032,4033,6
4033,4034,6
4034,4035,0
4035,4036,5
4036,4037,5
4037,4038,8
4038,4039,8
4039,4040,3
4040,4041,6
4041,4042,0
4042,4043,9
4043,4044,2
4044,4045,7
4045,4046,6
4046,4047,2
4047,4048,2
4048,4049,4
4049,4050,1
4050,4051,5
4051,4052,7
4052,4053,4
4053,4054,5
4054,4055,5
4055,4056,6
4056,4057,6
4057,4058,6
4058,4059,7
4059,4060,9
4060,4061,1
4061,4062,4
4062,4063,3
4063,4064,4
4064,4065,2
4065,4066,9
4066,4067,8
4067,4068,1
4068,4069,9
4069,4070,5
4070,4071,5
4071,4072,7
4072,4073,2
4073,4074,9
4074,4075,6
4075,4076,9
4076,4077,3
4077,4078,5
4078,4079,4
4079,4080,8
4080,4081,3
4081,4082,0
4082,4083,2
4083,4084,1
4084,4085,6
4085,4086,3
4086,4087,3
4087,4088,4
4088,4089,0
4089,4090,6
4090,4091,6
4091,4092,0
4092,4093,6
4093,4094,6
4094,4095,8
4095,4096,1
4096,4097,7
4097,4098,3
4098,4099,6
4099,4100,9
4100,4101,0
4101,4102,7
4102,4103,0
4103,4104,6
4104,4105,9
4105,4106,4
4106,4107,6
4107,4108,4
4108,4109,6
4109,4110,5
4110,4111,3
4111,4112,1
4112,4113,4
4113,4114,6
4114,4115,7
4115,4116,6
4116,4117,5
4117,4118,8
4118,4119,5
4119,4120,0
4120,4121,3
4121,4122,8
4122,4123,7
4123,4124,4
4124,4125,6
4125,4126,8
4126,4127,2
4127,4128,9
4128,4129,7
4129,4130,5
4130,4131,8
4131,4132,5
4132,4133,4
4133,4134,0
4134,4135,0
4135,4136,2
4136,4137,7
4137,4138,8
4138,4139,8
4139,4140,5
4140,4141,3
4141,4142,8
4142,4143,1
4143,4144,9
4144,4145,2
4145,4146,1
4146,4147,2
4147,4148,6
4148,4149,0
4149,4150,3
4150,4151,6
4151,4152,3
4152,4153,9
4153,4154,2
4154,4155,0
4155,4156,6
4156,4157,4
4157,4158,9
4158,4159,4
4159,4160,9
4160,4161,9
4161,4162,7
4162,4163,5
4163,4164,3
4164,4165,1
4165,4166,7
4166,4167,3
4167,4168,7
4168,4169,3
4169,4170,7
4170,4171,0
4171,4172,0
4172,4173,6
4173,4174,8
4174,4175,8
4175,4176,3
4176,4177,9
4177,4178,5
4178,4179,0
4179,4180,0
4180,4181,7
4181,4182,8
4182,4183,7
4183,4184,5
4184,4185,2
4185,4186,5
4186,4187,0
4187,4188,1
4188,4189,3
4189,4190,5
4190,4191,6
4191,4192,9
4192,4193,0
4193,4194,4
4194,4195,4
4195,4196,0
4196,4197,0
4197,4198,4
4198,4199,0
4199,4200,0
4200,4201,7
4201,4202,3
4202,4203,1
4203,4204,4
4204,4205,2
4205,4206,5
4206,4207,1
4207,4208,3
4208,4209,0
4209,4210,8
4210,4211,3
4211,4212,2
4212,4213,4
4213,4214,1
4214,4215,6
4215,4216,0
4216,4217,1
4217,4218,9
4218,4219,6
4219,4220,7
4220,4221,6
4221,4222,3
4222,4223,0
4223,4224,5
4224,4225,1
4225,4226,8
4226,4227,5
4227,4228,7
4228,4229,0
4229,4230,4
4230,4231,7
4231,4232,7
4232,4233,5
4233,4234,4
4234,4235,5
4235,4236,6
4236,4237,0
4237,4238,3
4238,4239,6
4239,4240,2
4240,4241,2
4241,4242,9
4242,4243,1
4243,4244,0
4244,4245,8
4245,4246,7
4246,4247,3
4247,4248,6
4248,4249,7
4249,4250,1
4250,4251,3
4251,4252,9
4252,4253,5
4253,4254,7
4254,4255,7
4255,4256,9
4256,4257,1
4257,4258,9
4258,4259,3
4259,4260,3
4260,4261,7
4261,4262,1
4262,4263,4
4263,4264,9
4264,4265,2
4265,4266,3
4266,4267,0
4267,4268,3
4268,4269,2
4269,4270,9
4270,4271,9
4271,4272,1
4272,4273,1
4273,4274,1
4274,4275,9
4275,4276,8
4276,4277,9
4277,4278,4
4278,4279,1
4279,4280,1
4280,4281,0
4281,4282,5
4282,4283,0
4283,4284,9
4284,4285,7
4285,4286,0
4286,4287,9
4287,4288,7
4288,4289,4
4289,4290,9
4290,4291,9
4291,4292,5
4292,4293,0
4293,4294,9
4294,4295,7
4295,4296,7
4296,4297,1
4297,4298,3
4298,4299,9
4299,4300,0
4300,4301,0
4301,4302,2
4302,4303,8
4303,4304,9
4304,4305,6
4305,4306,8
4306,4307,2
4307,4308,5
4308,4309,3
4309,4310,1
4310,4311,6
4311,4312,5
4312,4313,6
4313,4314,5
4314,4315,2
4315,4316,0
4316,4317,9
4317,4318,2
4318,4319,3
4319,4320,4
4320,4321,3
4321,4322,0
4322,4323,4
4323,4324,5
4324,4325,6
4325,4326,9
4326,4327,0
4327,4328,7
4328,4329,9
4329,4330,5
4330,4331,0
4331,4332,7
4332,4333,2
4333,4334,0
4334,4335,0
4335,4336,6
4336,4337,6
4337,4338,8
4338,4339,5
4339,4340,1
4340,4341,7
4341,4342,6
4342,4343,3
4343,4344,1
4344,4345,1
4345,4346,6
4346,4347,7
4347,4348,2
4348,4349,0
4349,4350,5
4350,4351,7
4351,4352,0
4352,4353,1
4353,4354,2
4354,4355,0
4355,4356,0
4356,4357,3
4357,4358,3
4358,4359,9
4359,4360,5
4360,4361,2
4361,4362,3
4362,4363,3
4363,4364,9
4364,4365,0
4365,4366,6
4366,4367,0
4367,4368,8
4368,4369,5
4369,4370,9
4370,4371,0
4371,4372,0
4372,4373,6
4373,4374,8
4374,4375,7
4375,4376,9
4376,4377,7
4377,4378,7
4378,4379,6
4379,4380,9
4380,4381,2
4381,4382,0
4382,4383,7
4383,4384,1
4384,4385,0
4385,4386,0
4386,4387,0
4387,4388,0
4388,4389,3
4389,4390,1
4390,4391,2
4391,4392,6
4392,4393,3
4393,4394,3
4394,4395,3
4395,4396,7
4396,4397,6
4397,4398,2
4398,4399,0
4399,4400,3
4400,4401,5
4401,4402,5
4402,4403,0
4403,4404,2
4404,4405,3
4405,4406,9
4406,4407,2
4407,4408,3
4408,4409,0
4409,4410,4
4410,4411,8
4411,4412,7
4412,4413,4
4413,4414,7
4414,4415,9
4415,4416,1
4416,4417,6
4417,4418,7
4418,4419,0
4419,4420,5
4420,4421,1
4421,4422,6
4422,4423,1
4423,4424,4
4424,4425,7
4425,4426,6
4426,4427,0
4427,4428,4
4428,4429,3
4429,4430,3
4430,4431,6
4431,4432,5
4432,4433,5
4433,4434,0
4434,4435,8
4435,4436,3
4436,4437,0
4437,4438,7
4438,4439,3
4439,4440,0
4440,4441,3
4441,4442,6
4442,4443,6
4443,4444,0
4444,4445,1
4445,4446,3
4446,4447,0
4447,4448,3
4448,4449,2
4449,4450,2
4450,4451,3
4451,4452,2
4452,4453,5
4453,4454,3
4454,4455,9
4455,4456,4
4456,4457,1
4457,4458,7
4458,4459,5
4459,4460,1
4460,4461,4
4461,4462,1
4462,4463,3
4463,4464,2
4464,4465,1
4465,4466,9
4466,4467,4
4467,4468,5
4468,4469,6
4469,4470,8
4470,4471,1
4471,4472,6
4472,4473,7
4473,4474,7
4474,4475,7
4475,4476,6
4476,4477,0
4477,4478,1
4478,4479,9
4479,4480,8
4480,4481,9
4481,4482,2
4482,4483,7
4483,4484,1
4484,4485,6
4485,4486,9
4486,4487,7
4487,4488,2
4488,4489,3
4489,4490,0
4490,4491,6
4491,4492,2
4492,4493,7
4493,4494,9
4494,4495,9
4495,4496,5
4496,4497,8
4497,4498,0
4498,4499,6
4499,4500,7
4500,4501,4
4501,4502,9
4502,4503,0
4503,4504,7
4504,4505,6
4505,4506,5
4506,4507,7
4507,4508,4
4508,4509,3
4509,4510,8
4510,4511,9
4511,4512,1
4512,4513,0
4513,4514,8
4514,4515,8
4515,4516,1
4516,4517,1
4517,4518,6
4518,4519,7
4519,4520,6
4520,4521,6
4521,4522,7
4522,4523,0
4523,4524,7
4524,4525,5
4525,4526,2
4526,4527,2
4527,4528,8
4528,4529,2
4529,4530,4
4530,4531,0
4531,4532,2
4532,4533,4
4533,4534,2
4534,4535,3
4535,4536,1
4536,4537,6
4537,4538,7
4538,4539,9
4539,4540,1
4540,4541,1
4541,4542,6
4542,4543,9
4543,4544,7
4544,4545,9
4545,4546,9
4546,4547,5
4547,4548,3
4548,4549,7
4549,4550,8
4550,4551,8
4551,4552,4
4552,4553,2
4553,4554,3
4554,4555,5
4555,4556,8
4556,4557,8
4557,4558,6
4558,4559,2
4559,4560,3
4560,4561,9
4561,4562,7
4562,4563,3
4563,4564,0
4564,4565,5
4565,4566,9
4566,4567,7
4567,4568,3
4568,4569,0
4569,4570,3
4570,4571,9
4571,4572,6
4572,4573,8
4573,4574,0
4574,4575,1
4575,4576,5
4576,4577,1
4577,4578,1
4578,4579,3
4579,4580,6
4580,4581,6
4581,4582,8
4582,4583,9
4583,4584,0
4584,4585,4
4585,4586,2
4586,4587,2
4587,4588,0
4588,4589,4
4589,4590,4
4590,4591,5
4591,4592,2
4592,4593,2
4593,4594,9
4594,4595,2
4595,4596,8
4596,4597,8
4597,4598,8
4598,4599,1
4599,4600,2
4600,4601,9
4601,4602,2
4602,4603,9
4603,4604,9
4604,4605,9
4605,4606,5
4606,4607,7
4607,4608,7
4608,4609,7
4609,4610,4
4610,4611,5
4611,4612,3
4612,4613,8
4613,4614,3
4614,4615,3
4615,4616,6
4616,4617,8
4617,4618,1
4618,4619,2
4619,4620,2
4620,4621,3
4621,4622,1
4622,4623,1
4623,4624,5
4624,4625,6
4625,4626,3
4626,4627,3
4627,4628,1
4628,4629,3
4629,4630,4
4630,4631,2
4631,4632,5
4632,4633,8
4633,4634,7
4634,4635,6
4635,4636,1
4636,4637,7
4637,4638,7
4638,4639,2
4639,4640,2
4640,4641,4
4641,4642,7
4642,4643,2
4643,4644,6
4644,4645,5
4645,4646,0
4646,4647,6
4647,4648,4
4648,4649,3
4649,4650,9
4650,4651,7
4651,4652,5
4652,4653,4
4653,4654,2
4654,4655,3
4655,4656,1
4656,4657,1
4657,4658,7
4658,4659,9
4659,4660,4
4660,4661,4
4661,4662,6
4662,4663,7
4663,4664,9
4664,4665,0
4665,4666,5
4666,4667,4
4667,4668,2
4668,4669,0
4669,4670,1
4670,4671,5
4671,4672,4
4672,4673,3
4673,4674,6
4674,4675,6
4675,4676,8
4676,4677,6
4677,4678,7
4678,4679,1
4679,4680,6
4680,4681,2
4681,4682,8
4682,4683,8
4683,4684,1
4684,4685,3
4685,4686,2
4686,4687,5
4687,4688,1
4688,4689,9
4689,4690,1
4690,4691,6
4691,4692,5
4692,4693,5
4693,4694,7
4694,4695,5
4695,4696,1
4696,4697,2
4697,4698,8
4698,4699,5
4699,4700,0
4700,4701,4
4701,4702,1
4702,4703,4
4703,4704,0
4704,4705,4
4705,4706,2
4706,4707,9
4707,4708,2
4708,4709,3
4709,4710,9
4710,4711,0
4711,4712,0
4712,4713,8
4713,4714,7
4714,4715,4
4715,4716,7
4716,4717,0
4717,4718,7
4718,4719,1
4719,4720,6
4720,4721,8
4721,4722,4
4722,4723,9
4723,4724,0
4724,4725,7
4725,4726,8
4726,4727,1
4727,4728,4
4728,4729,8
4729,4730,0
4730,4731,2
4731,4732,2
4732,4733,8
4733,4734,0
4734,4735,6
4735,4736,3
4736,4737,6
4737,4738,3
4738,4739,6
4739,4740,3
4740,4741,3
4741,4742,9
4742,4743,8
4743,4744,0
4744,4745,3
4745,4746,1
4746,4747,8
4747,4748,5
4748,4749,6
4749,4750,5
4750,4751,2
4751,4752,4
4752,4753,2
4753,4754,3
4754,4755,3
4755,4756,4
4756,4757,3
4757,4758,6
4758,4759,1
4759,4760,0
4760,4761,0
4761,4762,4
4762,4763,7
4763,4764,3
4764,4765,3
4765,4766,8
4766,4767,8
4767,4768,6
4768,4769,1
4769,4770,4
4770,4771,0
4771,4772,6
4772,4773,6
4773,4774,4
4774,4775,7
4775,4776,7
4776,4777,9
4777,4778,9
4778,4779,1
4779,4780,6
4780,4781,8
4781,4782,6
4782,4783,4
4783,4784,7
4784,4785,1
4785,4786,5
4786,4787,7
4787,4788,4
4788,4789,6
4789,4790,5
4790,4791,9
4791,4792,7
4792,4793,2
4793,4794,3
4794,4795,4
4795,4796,6
4796,4797,7
4797,4798,8
4798,4799,1
4799,4800,7
4800,4801,4
4801,4802,6
4802,4803,2
4803,4804,0
4804,4805,9
4805,4806,8
4806,4807,8
4807,4808,2
4808,4809,8
4809,4810,4
4810,4811,5
4811,4812,0
4812,4813,8
4813,4814,3
4814,4815,8
4815,4816,3
4816,4817,9
4817,4818,3
4818,4819,8
4819,4820,4
4820,4821,3
4821,4822,2
4822,4823,1
4823,4824,8
4824,4825,2
4825,4826,4
4826,4827,0
4827,4828,4
4828,4829,6
4829,4830,2
4830,4831,4
4831,4832,2
4832,4833,7
4833,4834,7
4834,4835,4
4835,4836,2
4836,4837,6
4837,4838,6
4838,4839,4
4839,4840,4
4840,4841,0
4841,4842,3
4842,4843,3
4843,4844,1
4844,4845,1
4845,4846,1
4846,4847,6
4847,4848,1
4848,4849,5
4849,4850,0
4850,4851,5
4851,4852,8
4852,4853,9
4853,4854,5
4854,4855,3
4855,4856,8
4856,4857,5
4857,4858,5
4858,4859,7
4859,4860,0
4860,4861,5
4861,4862,9
4862,4863,5
4863,4864,0
4864,4865,4
4865,4866,6
4866,4867,8
4867,4868,7
4868,4869,6
4869,4870,9
4870,4871,5
4871,4872,6
4872,4873,8
4873,4874,1
4874,4875,7
4875,4876,6
4876,4877,6
4877,4878,9
4878,4879,5
4879,4880,2
4880,4881,7
4881,4882,7
4882,4883,0
4883,4884,2
4884,4885,9
4885,4886,8
4886,4887,9
4887,4888,9
4888,4889,0
4889,4890,2
4890,4891,7
4891,4892,1
4892,4893,0
4893,4894,2
4894,4895,6
4895,4896,7
4896,4897,3
4897,4898,8
4898,4899,1
4899,4900,9
4900,4901,5
4901,4902,4
4902,4903,6
4903,4904,4
4904,4905,4
4905,4906,1
4906,4907,0
4907,4908,4
4908,4909,5
4909,4910,0
4910,4911,7
4911,4912,5
4912,4913,8
4913,4914,6
4914,4915,6
4915,4916,3
4916,4917,2
4917,4918,9
4918,4919,1
4919,4920,0
4920,4921,6
4921,4922,5
4922,4923,7
4923,4924,9
4924,4925,6
4925,4926,9
4926,4927,0
4927,4928,3
4928,4929,1
4929,4930,9
4930,4931,4
4931,4932,7
4932,4933,4
4933,4934,6
4934,4935,4
4935,4936,9
4936,4937,7
4937,4938,5
4938,4939,6
4939,4940,9
4940,4941,7
4941,4942,2
4942,4943,3
4943,4944,0
4944,4945,2
4945,4946,4
4946,4947,8
4947,4948,8
4948,4949,9
4949,4950,1
4950,4951,7
4951,4952,7
4952,4953,9
4953,4954,3
4954,4955,7
4955,4956,7
4956,4957,9
4957,4958,0
4958,4959,2
4959,4960,5
4960,4961,6
4961,4962,7
4962,4963,2
4963,4964,8
4964,4965,7
4965,4966,4
4966,4967,2
4967,4968,5
4968,4969,1
4969,4970,1
4970,4971,1
4971,4972,7
4972,4973,3
4973,4974,7
4974,4975,7
4975,4976,8
4976,4977,0
4977,4978,2
4978,4979,8
4979,4980,6
4980,4981,4
4981,4982,3
4982,4983,4
4983,4984,0
4984,4985,9
4985,4986,5
4986,4987,0
4987,4988,1
4988,4989,8
4989,4990,7
4990,4991,2
4991,4992,4
4992,4993,4
4993,4994,1
4994,4995,3
4995,4996,7
4996,4997,1
4997,4998,7
4998,4999,9
4999,5000,0
5000,5001,9
5001,5002,2
5002,5003,7
5003,5004,9
5004,5005,8
5005,5006,4
5006,5007,5
5007,5008,2
5008,5009,8
5009,5010,3
5010,5011,6
5011,5012,0
5012,5013,8
5013,5014,1
5014,5015,3
5015,5016,4
5016,5017,5
5017,5018,1
5018,5019,9
5019,5020,4
5020,5021,8
5021,5022,4
5022,5023,0
5023,5024,3
5024,5025,0
5025,5026,5
5026,5027,4
5027,5028,8
5028,5029,2
5029,5030,2
5030,5031,6
5031,5032,5
5032,5033,1
5033,5034,6
5034,5035,0
5035,5036,3
5036,5037,3
5037,5038,1
5038,5039,6
5039,5040,0
5040,5041,2
5041,5042,6
5042,5043,7
5043,5044,3
5044,5045,4
5045,5046,7
5046,5047,2
5047,5048,6
5048,5049,7
5049,5050,2
5050,5051,2
5051,5052,1
5052,5053,5
5053,5054,1
5054,5055,3
5055,5056,4
5056,5057,2
5057,5058,5
5058,5059,4
5059,5060,9
5060,5061,2
5061,5062,2
5062,5063,4
5063,5064,8
5064,5065,0
5065,5066,6
5066,5067,6
5067,5068,3
5068,5069,1
5069,5070,3
5070,5071,4
5071,5072,3
5072,5073,3
5073,5074,0
5074,5075,7
5075,5076,3
5076,5077,6
5077,5078,6
5078,5079,8
5079,5080,5
5080,5081,4
5081,5082,2
5082,5083,8
5083,5084,2
5084,5085,4
5085,5086,8
5086,5087,0
5087,5088,8
5088,5089,3
5089,5090,3
5090,5091,6
5091,5092,6
5092,5093,2
5093,5094,2
5094,5095,9
5095,5096,7
5096,5097,3
5097,5098,6
5098,5099,1
5099,5100,1
5100,5101,4
5101,5102,3
5102,5103,2
5103,5104,3
5104,5105,6
5105,5106,9
5106,5107,1
5107,5108,5
5108,5109,3
5109,5110,0
5110,5111,6
5111,5112,5
5112,5113,9
5113,5114,4
5114,5115,1
5115,5116,0
5116,5117,5
5117,5118,6
5118,5119,1
5119,5120,0
5120,5121,2
5121,5122,9
5122,5123,7
5123,5124,2
5124,5125,4
5125,5126,6
5126,5127,1
5127,5128,9
5128,5129,0
5129,5130,9
5130,5131,4
5131,5132,4
5132,5133,1
5133,5134,5
5134,5135,1
5135,5136,2
5136,5137,4
5137,5138,0
5138,5139,1
5139,5140,4
5140,5141,8
5141,5142,7
5142,5143,6
5143,5144,4
5144,5145,6
5145,5146,7
5146,5147,6
5147,5148,0
5148,5149,2
5149,5150,4
5150,5151,6
5151,5152,6
5152,5153,4
5153,5154,9
5154,5155,3
5155,5156,6
5156,5157,4
5157,5158,3
5158,5159,6
5159,5160,1
5160,5161,4
5161,5162,8
5162,5163,1
5163,5164,8
5164,5165,1
5165,5166,2
5166,5167,0
5167,5168,7
5168,5169,4
5169,5170,3
5170,5171,4
5171,5172,8
5172,5173,3
5173,5174,8
5174,5175,7
5175,5176,7
5176,5177,4
5177,5178,1
5178,5179,0
5179,5180,3
5180,5181,3
5181,5182,9
5182,5183,2
5183,5184,3
5184,5185,4
5185,5186,1
5186,5187,9
5187,5188,0
5188,5189,7
5189,5190,7
5190,5191,6
5191,5192,6
5192,5193,8
5193,5194,8
5194,5195,8
5195,5196,3
5196,5197,3
5197,5198,1
5198,5199,1
5199,5200,6
5200,5201,6
5201,5202,8
5202,5203,1
5203,5204,3
5204,5205,7
5205,5206,5
5206,5207,7
5207,5208,7
5208,5209,7
5209,5210,9
5210,5211,6
5211,5212,1
5212,5213,6
5213,5214,7
5214,5215,4
5215,5216,2
5216,5217,3
5217,5218,3
5218,5219,0
5219,5220,2
5220,5221,0
5221,5222,5
5222,5223,1
5223,5224,1
5224,5225,3
5225,5226,8
5226,5227,2
5227,5228,6
5228,5229,6
5229,5230,4
5230,5231,7
5231,5232,8
5232,5233,9
5233,5234,9
5234,5235,4
5235,5236,2
5236,5237,3
5237,5238,0
5238,5239,6
5239,5240,8
5240,5241,3
5241,5242,9
5242,5243,6
5243,5244,0
5244,5245,0
5245,5246,3
5246,5247,2
5247,5248,2
5248,5249,5
5249,5250,7
5250,5251,2
5251,5252,4
5252,5253,8
5253,5254,9
5254,5255,1
5255,5256,2
5256,5257,0
5257,5258,3
5258,5259,8
5259,5260,8
5260,5261,6
5261,5262,5
5262,5263,3
5263,5264,1
5264,5265,7
5265,5266,7
5266,5267,0
5267,5268,6
5268,5269,3
5269,5270,8
5270,5271,9
5271,5272,9
5272,5273,9
5273,5274,7
5274,5275,7
5275,5276,2
5276,5277,1
5277,5278,3
5278,5279,6
5279,5280,0
5280,5281,3
5281,5282,0
5282,5283,1
5283,5284,9
5284,5285,8
5285,5286,1
5286,5287,4
5287,5288,9
5288,5289,6
5289,5290,6
5290,5291,7
5291,5292,2
5292,5293,3
5293,5294,5
5294,5295,1
5295,5296,4
5296,5297,1
5297,5298,2
5298,5299,8
5299,5300,6
5300,5301,1
5301,5302,0
5302,5303,1
5303,5304,2
5304,5305,5
5305,5306,8
5306,5307,0
5307,5308,6
5308,5309,0
5309,5310,7
5310,5311,8
5311,5312,1
5312,5313,7
5313,5314,7
5314,5315,2
5315,5316,7
5316,5317,7
5317,5318,4
5318,5319,1
5319,5320,3
5320,5321,9
5321,5322,3
5322,5323,4
5323,5324,4
5324,5325,0
5325,5326,5
5326,5327,2
5327,5328,3
5328,5329,8
5329,5330,5
5330,5331,0
5331,5332,6
5332,5333,1
5333,5334,3
5334,5335,8
5335,5336,8
5336,5337,6
5337,5338,4
5338,5339,6
5339,5340,7
5340,5341,0
5341,5342,5
5342,5343,5
5343,5344,6
5344,5345,1
5345,5346,8
5346,5347,1
5347,5348,7
5348,5349,4
5349,5350,9
5350,5351,5
5351,5352,3
5352,5353,8
5353,5354,3
5354,5355,1
5355,5356,4
5356,5357,4
5357,5358,2
5358,5359,1
5359,5360,5
5360,5361,7
5361,5362,4
5362,5363,6
5363,5364,7
5364,5365,7
5365,5366,2
5366,5367,8
5367,5368,4
5368,5369,7
5369,5370,9
5370,5371,6
5371,5372,6
5372,5373,0
5373,5374,3
5374,5375,2
5375,5376,8
5376,5377,5
5377,5378,1
5378,5379,7
5379,5380,8
5380,5381,8
5381,5382,3
5382,5383,0
5383,5384,2
5384,5385,8
5385,5386,8
5386,5387,9
5387,5388,0
5388,5389,8
5389,5390,3
5390,5391,8
5391,5392,5
5392,5393,0
5393,5394,3
5394,5395,7
5395,5396,2
5396,5397,2
5397,5398,0
5398,5399,9
5399,5400,4
5400,5401,2
5401,5402,6
5402,5403,2
5403,5404,8
5404,5405,6
5405,5406,3
5406,5407,2
5407,5408,5
5408,5409,5
5409,5410,3
5410,5411,5
5411,5412,0
5412,5413,3
5413,5414,9
5414,5415,0
5415,5416,6
5416,5417,4
5417,5418,5
5418,5419,9
5419,5420,6
5420,5421,8
5421,5422,2
5422,5423,8
5423,5424,8
5424,5425,3
5425,5426,7
5426,5427,9
5427,5428,4
5428,5429,5
5429,5430,4
5430,5431,7
5431,5432,5
5432,5433,2
5433,5434,6
5434,5435,6
5435,5436,4
5436,5437,7
5437,5438,4
5438,5439,6
5439,5440,3
5440,5441,8
5441,5442,9
5442,5443,5
5443,5444,8
5444,5445,2
5445,5446,7
5446,5447,7
5447,5448,0
5448,5449,3
5449,5450,9
5450,5451,8
5451,5452,8
5452,5453,3
5453,5454,1
5454,5455,8
5455,5456,8
5456,5457,2
5457,5458,0
5458,5459,2
5459,5460,7
5460,5461,7
5461,5462,8
5462,5463,1
5463,5464,1
5464,5465,6
5465,5466,1
5466,5467,6
5467,5468,2
5468,5469,8
5469,5470,5
5470,5471,3
5471,5472,3
5472,5473,6
5473,5474,8
5474,5475,1
5475,5476,7
5476,5477,7
5477,5478,7
5478,5479,4
5479,5480,8
5480,5481,7
5481,5482,4
5482,5483,8
5483,5484,0
5484,5485,4
5485,5486,5
5486,5487,2
5487,5488,1
5488,5489,2
5489,5490,9
5490,5491,0
5491,5492,6
5492,5493,1
5493,5494,1
5494,5495,1
5495,5496,6
5496,5497,3
5497,5498,2
5498,5499,4
5499,5500,4
5500,5501,4
5501,5502,9
5502,5503,4
5503,5504,6
5504,5505,9
5505,5506,3
5506,5507,2
5507,5508,7
5508,5509,0
5509,5510,0
5510,5511,0
5511,5512,0
5512,5513,7
5513,5514,6
5514,5515,1
5515,5516,0
5516,5517,4
5517,5518,3
5518,5519,5
5519,5520,9
5520,5521,6
5521,5522,5
5522,5523,8
5523,5524,1
5524,5525,6
5525,5526,1
5526,5527,9
5527,5528,5
5528,5529,4
5529,5530,2
5530,5531,6
5531,5532,8
5532,5533,6
5533,5534,0
5534,5535,3
5535,5536,0
5536,5537,8
5537,5538,8
5538,5539,4
5539,5540,6
5540,5541,0
5541,5542,3
5542,5543,2
5543,5544,3
5544,5545,3
5545,5546,6
5546,5547,1
5547,5548,5
5548,5549,7
5549,5550,5
5550,5551,2
5551,5552,5
5552,5553,2
5553,5554,3
5554,5555,1
5555,5556,2
5556,5557,4
5557,5558,7
5558,5559,8
5559,5560,0
5560,5561,0
5561,5562,4
5562,5563,6
5563,5564,7
5564,5565,0
5565,5566,7
5566,5567,3
5567,5568,0
5568,5569,9
5569,5570,7
5570,5571,6
5571,5572,3
5572,5573,9
5573,5574,5
5574,5575,2
5575,5576,2
5576,5577,2
5577,5578,7
5578,5579,9
5579,5580,8
5580,5581,0
5581,5582,1
5582,5583,9
5583,5584,3
5584,5585,9
5585,5586,2
5586,5587,4
5587,5588,4
5588,5589,7
5589,5590,8
5590,5591,6
5591,5592,3
5592,5593,7
5593,5594,2
5594,5595,6
5595,5596,1
5596,5597,6
5597,5598,3
5598,5599,3
5599,5600,4
5600,5601,9
5601,5602,0
5602,5603,3
5603,5604,7
5604,5605,1
5605,5606,0
5606,5607,8
5607,5608,3
5608,5609,0
5609,5610,2
5610,5611,7
5611,5612,3
5612,5613,2
5613,5614,8
5614,5615,7
5615,5616,2
5616,5617,1
5617,5618,2
5618,5619,1
5619,5620,6
5620,5621,5
5621,5622,3
5622,5623,9
5623,5624,1
5624,5625,6
5625,5626,0
5626,5627,9
5627,5628,0
5628,5629,4
5629,5630,3
5630,5631,5
5631,5632,2
5632,5633,1
5633,5634,2
5634,5635,5
5635,5636,5
5636,5637,8
5637,5638,5
5638,5639,7
5639,5640,1
5640,5641,5
5641,5642,3
5642,5643,8
5643,5644,2
5644,5645,1
5645,5646,9
5646,5647,0
5647,5648,9
5648,5649,2
5649,5650,1
5650,5651,6
5651,5652,2
5652,5653,5
5653,5654,9
5654,5655,9
5655,5656,8
5656,5657,9
5657,5658,3
5658,5659,1
5659,5660,5
5660,5661,2
5661,5662,1
5662,5663,7
5663,5664,9
5664,5665,4
5665,5666,2
5666,5667,0
5667,5668,4
5668,5669,0
5669,5670,6
5670,5671,1
5671,5672,5
5672,5673,8
5673,5674,8
5674,5675,4
5675,5676,4
5676,5677,3
5677,5678,5
5678,5679,5
5679,5680,3
5680,5681,4
5681,5682,4
5682,5683,8
5683,5684,0
5684,5685,4
5685,5686,2
5686,5687,9
5687,5688,7
5688,5689,2
5689,5690,9
5690,5691,8
5691,5692,3
5692,5693,8
5693,5694,8
5694,5695,0
5695,5696,9
5696,5697,8
5697,5698,8
5698,5699,2
5699,5700,9
5700,5701,8
5701,5702,2
5702,5703,8
5703,5704,2
5704,5705,0
5705,5706,4
5706,5707,5
5707,5708,9
5708,5709,7
5709,5710,5
5710,5711,8
5711,5712,2
5712,5713,9
5713,5714,9
5714,5715,6
5715,5716,0
5716,5717,3
5717,5718,9
5718,5719,9
5719,5720,9
5720,5721,2
5721,5722,0
5722,5723,4
5723,5724,8
5724,5725,5
5725,5726,5
5726,5727,3
5727,5728,7
5728,5729,2
5729,5730,5
5730,5731,6
5731,5732,3
5732,5733,6
5733,5734,1
5734,5735,7
5735,5736,8
5736,5737,4
5737,5738,0
5738,5739,9
5739,5740,2
5740,5741,0
5741,5742,7
5742,5743,9
5743,5744,5
5744,5745,0
5745,5746,3
5746,5747,9
5747,5748,6
5748,5749,6
5749,5750,6
5750,5751,0
5751,5752,4
5752,5753,8
5753,5754,7
5754,5755,2
5755,5756,7
5756,5757,0
5757,5758,5
5758,5759,9
5759,5760,9
5760,5761,3
5761,5762,5
5762,5763,4
5763,5764,1
5764,5765,3
5765,5766,6
5766,5767,2
5767,5768,1
5768,5769,0
5769,5770,7
5770,5771,5
5771,5772,3
5772,5773,7
5773,5774,1
5774,5775,0
5775,5776,3
5776,5777,7
5777,5778,8
5778,5779,3
5779,5780,5
5780,5781,0
5781,5782,1
5782,5783,1
5783,5784,1
5784,5785,6
5785,5786,6
5786,5787,3
5787,5788,9
5788,5789,5
5789,5790,7
5790,5791,4
5791,5792,2
5792,5793,2
5793,5794,1
5794,5795,2
5795,5796,5
5796,5797,0
5797,5798,1
5798,5799,8
5799,5800,2
5800,5801,7
5801,5802,4
5802,5803,0
5803,5804,1
5804,5805,2
5805,5806,5
5806,5807,7
5807,5808,4
5808,5809,0
5809,5810,7
5810,5811,3
5811,5812,1
5812,5813,3
5813,5814,0
5814,5815,8
5815,5816,1
5816,5817,5
5817,5818,9
5818,5819,7
5819,5820,0
5820,5821,1
5821,5822,1
5822,5823,3
5823,5824,2
5824,5825,2
5825,5826,6
5826,5827,3
5827,5828,7
5828,5829,4
5829,5830,5
5830,5831,2
5831,5832,4
5832,5833,9
5833,5834,5
5834,5835,9
5835,5836,9
5836,5837,8
5837,5838,9
5838,5839,7
5839,5840,5
5840,5841,5
5841,5842,8
5842,5843,2
5843,5844,9
5844,5845,8
5845,5846,3
5846,5847,0
5847,5848,0
5848,5849,9
5849,5850,2
5850,5851,3
5851,5852,8
5852,5853,3
5853,5854,7
5854,5855,5
5855,5856,7
5856,5857,9
5857,5858,1
5858,5859,3
5859,5860,9
5860,5861,2
5861,5862,1
5862,5863,6
5863,5864,3
5864,5865,8
5865,5866,8
5866,5867,1
5867,5868,5
5868,5869,6
5869,5870,2
5870,5871,8
5871,5872,7
5872,5873,2
5873,5874,6
5874,5875,2
5875,5876,4
5876,5877,8
5877,5878,9
5878,5879,2
5879,5880,4
5880,5881,4
5881,5882,0
5882,5883,2
5883,5884,8
5884,5885,6
5885,5886,1
5886,5887,0
5887,5888,7
5888,5889,8
5889,5890,9
5890,5891,3
5891,5892,3
5892,5893,8
5893,5894,0
5894,5895,6
5895,5896,1
5896,5897,7
5897,5898,6
5898,5899,8
5899,5900,4
5900,5901,1
5901,5902,2
5902,5903,2
5903,5904,7
5904,5905,6
5905,5906,0
5906,5907,2
5907,5908,0
5908,5909,3
5909,5910,5
5910,5911,6
5911,5912,8
5912,5913,0
5913,5914,9
5914,5915,8
5915,5916,3
5916,5917,7
5917,5918,5
5918,5919,7
5919,5920,9
5920,5921,0
5921,5922,7
5922,5923,3
5923,5924,1
5924,5925,2
5925,5926,0
5926,5927,6
5927,5928,5
5928,5929,4
5929,5930,8
5930,5931,5
5931,5932,9
5932,5933,8
5933,5934,2
5934,5935,3
5935,5936,0
5936,5937,3
5937,5938,8
5938,5939,8
5939,5940,0
5940,5941,7
5941,5942,9
5942,5943,1
5943,5944,4
5944,5945,4
5945,5946,6
5946,5947,3
5947,5948,2
5948,5949,8
5949,5950,7
5950,5951,4
5951,5952,3
5952,5953,3
5953,5954,1
5954,5955,0
5955,5956,1
5956,5957,7
5957,5958,8
5958,5959,0
5959,5960,6
5960,5961,9
5961,5962,2
5962,5963,8
5963,5964,9
5964,5965,1
5965,5966,5
5966,5967,6
5967,5968,8
5968,5969,7
5969,5970,6
5970,5971,0
5971,5972,8
5972,5973,4
5973,5974,9
5974,5975,6
5975,5976,4
5976,5977,7
5977,5978,9
5978,5979,2
5979,5980,6
5980,5981,8
5981,5982,5
5982,5983,7
5983,5984,0
5984,5985,6
5985,5986,8
5986,5987,8
5987,5988,9
5988,5989,4
5989,5990,5
5990,5991,0
5991,5992,4
5992,5993,4
5993,5994,3
5994,5995,4
5995,5996,6
5996,5997,1
5997,5998,1
5998,5999,3
5999,6000,9
6000,6001,8
6001,6002,5
6002,6003,6
6003,6004,7
6004,6005,4
6005,6006,1
6006,6007,1
6007,6008,6
6008,6009,9
6009,6010,5
6010,6011,0
6011,6012,3
6012,6013,1
6013,6014,7
6014,6015,8
6015,6016,7
6016,6017,5
6017,6018,6
6018,6019,8
6019,6020,0
6020,6021,6
6021,6022,6
6022,6023,7
6023,6024,1
6024,6025,0
6025,6026,6
6026,6027,7
6027,6028,6
6028,6029,8
6029,6030,6
6030,6031,8
6031,6032,1
6032,6033,3
6033,6034,1
6034,6035,3
6035,6036,6
6036,6037,0
6037,6038,3
6038,6039,7
6039,6040,3
6040,6041,2
6041,6042,3
6042,6043,6
6043,6044,1
6044,6045,3
6045,6046,8
6046,6047,2
6047,6048,0
6048,6049,1
6049,6050,1
6050,6051,9
6051,6052,5
6052,6053,1
6053,6054,1
6054,6055,1
6055,6056,6
6056,6057,5
6057,6058,4
6058,6059,8
6059,6060,2
6060,6061,2
6061,6062,5
6062,6063,7
6063,6064,9
6064,6065,5
6065,6066,2
6066,6067,2
6067,6068,2
6068,6069,0
6069,6070,9
6070,6071,5
6071,6072,7
6072,6073,1
6073,6074,9
6074,6075,0
6075,6076,0
6076,6077,3
6077,6078,5
6078,6079,4
6079,6080,7
6080,6081,8
6081,6082,6
6082,6083,6
6083,6084,9
6084,6085,4
6085,6086,4
6086,6087,9
6087,6088,4
6088,6089,7
6089,6090,4
6090,6091,7
6091,6092,7
6092,6093,7
6093,6094,4
6094,6095,7
6095,6096,4
6096,6097,2
6097,6098,4
6098,6099,7
6099,6100,1
6100,6101,8
6101,6102,0
6102,6103,5
6103,6104,1
6104,6105,4
6105,6106,9
6106,6107,9
6107,6108,0
6108,6109,9
6109,6110,3
6110,6111,8
6111,6112,7
6112,6113,9
6113,6114,4
6114,6115,1
6115,6116,1
6116,6117,6
6117,6118,9
6118,6119,6
6119,6120,3
6120,6121,7
6121,6122,5
6122,6123,1
6123,6124,2
6124,6125,9
6125,6126,0
6126,6127,4
6127,6128,4
6128,6129,8
6129,6130,3
6130,6131,7
6131,6132,7
6132,6133,0
6133,6134,4
6134,6135,5
6135,6136,7
6136,6137,0
6137,6138,1
6138,6139,2
6139,6140,5
6140,6141,6
6141,6142,0
6142,6143,7
6143,6144,7
6144,6145,0
6145,6146,3
6146,6147,9
6147,6148,7
6148,6149,4
6149,6150,8
6150,6151,1
6151,6152,4
6152,6153,4
6153,6154,6
6154,6155,7
6155,6156,8
6156,6157,0
6157,6158,9
6158,6159,1
6159,6160,0
6160,6161,5
6161,6162,0
6162,6163,7
6163,6164,0
6164,6165,0
6165,6166,1
6166,6167,2
6167,6168,1
6168,6169,9
6169,6170,5
6170,6171,0
6171,6172,4
6172,6173,7
6173,6174,2
6174,6175,3
6175,6176,2
6176,6177,9
6177,6178,5
6178,6179,5
6179,6180,1
6180,6181,4
6181,6182,8
6182,6183,0
6183,6184,0
6184,6185,8
6185,6186,5
6186,6187,4
6187,6188,7
6188,6189,3
6189,6190,8
6190,6191,3
6191,6192,1
6192,6193,4
6193,6194,3
6194,6195,0
6195,6196,2
6196,6197,5
6197,6198,2
6198,6199,2
6199,6200,0
6200,6201,8
6201,6202,7
6202,6203,9
6203,6204,8
6204,6205,4
6205,6206,9
6206,6207,2
6207,6208,0
6208,6209,8
6209,6210,0
6210,6211,7
6211,6212,2
6212,6213,9
6213,6214,7
6214,6215,9
6215,6216,9
6216,6217,4
6217,6218,3
6218,6219,3
6219,6220,2
6220,6221,4
6221,6222,0
6222,6223,3
6223,6224,5
6224,6225,3
6225,6226,8
6226,6227,2
6227,6228,1
6228,6229,5
6229,6230,1
6230,6231,7
6231,6232,1
6232,6233,4
6233,6234,7
6234,6235,6
6235,6236,4
6236,6237,0
6237,6238,9
6238,6239,5
6239,6240,9
6240,6241,7
6241,6242,5
6242,6243,6
6243,6244,9
6244,6245,1
6245,6246,8
6246,6247,5
6247,6248,3
6248,6249,4
6249,6250,4
6250,6251,4
6251,6252,2
6252,6253,2
6253,6254,4
6254,6255,2
6255,6256,4
6256,6257,7
6257,6258,2
6258,6259,8
6259,6260,0
6260,6261,0
6261,6262,8
6262,6263,2
6263,6264,3
6264,6265,0
6265,6266,3
6266,6267,9
6267,6268,1
6268,6269,8
6269,6270,2
6270,6271,7
6271,6272,4
6272,6273,7
6273,6274,9
6274,6275,3
6275,6276,9
6276,6277,9
6277,6278,2
6278,6279,1
6279,6280,1
6280,6281,8
6281,6282,7
6282,6283,4
6283,6284,1
6284,6285,9
6285,6286,9
6286,6287,8
6287,6288,2
6288,6289,7
6289,6290,0
6290,6291,2
6291,6292,1
6292,6293,1
6293,6294,1
6294,6295,9
6295,6296,3
6296,6297,1
6297,6298,7
6298,6299,0
6299,6300,2
6300,6301,5
6301,6302,2
6302,6303,5
6303,6304,8
6304,6305,1
6305,6306,4
6306,6307,3
6307,6308,9
6308,6309,0
6309,6310,7
6310,6311,3
6311,6312,0
6312,6313,9
6313,6314,4
6314,6315,3
6315,6316,9
6316,6317,0
6317,6318,1
6318,6319,7
6319,6320,8
6320,6321,8
6321,6322,3
6322,6323,0
6323,6324,0
6324,6325,7
6325,6326,0
6326,6327,1
6327,6328,1
6328,6329,4
6329,6330,7
6330,6331,2
6331,6332,5
6332,6333,5
6333,6334,7
6334,6335,9
6335,6336,2
6336,6337,7
6337,6338,4
6338,6339,7
6339,6340,2
6340,6341,5
6341,6342,1
6342,6343,0
6343,6344,5
6344,6345,9
6345,6346,1
6346,6347,0
6347,6348,9
6348,6349,3
6349,6350,6
6350,6351,7
6351,6352,5
6352,6353,3
6353,6354,6
6354,6355,7
6355,6356,6
6356,6357,1
6357,6358,8
6358,6359,3
6359,6360,7
6360,6361,3
6361,6362,7
6362,6363,5
6363,6364,3
6364,6365,0
6365,6366,4
6366,6367,4
6367,6368,6
6368,6369,9
6369,6370,9
6370,6371,4
6371,6372,5
6372,6373,9
6373,6374,5
6374,6375,8
6375,6376,2
6376,6377,0
6377,6378,2
6378,6379,4
6379,6380,7
6380,6381,9
6381,6382,1
6382,6383,5
6383,6384,9
6384,6385,0
6385,6386,8
6386,6387,3
6387,6388,1
6388,6389,4
6389,6390,2
6390,6391,8
6391,6392,6
6392,6393,3
6393,6394,8
6394,6395,9
6395,6396,4
6396,6397,0
6397,6398,9
6398,6399,5
6399,6400,6
6400,6401,0
6401,6402,7
6402,6403,8
6403,6404,7
6404,6405,8
6405,6406,2
6406,6407,4
6407,6408,0
6408,6409,3
6409,6410,1
6410,6411,6
6411,6412,0
6412,6413,5
6413,6414,7
6414,6415,7
6415,6416,2
6416,6417,5
6417,6418,9
6418,6419,5
6419,6420,4
6420,6421,3
6421,6422,7
6422,6423,0
6423,6424,3
6424,6425,1
6425,6426,3
6426,6427,6
6427,6428,8
6428,6429,9
6429,6430,1
6430,6431,3
6431,6432,9
6432,6433,9
6433,6434,2
6434,6435,9
6435,6436,1
6436,6437,8
6437,6438,1
6438,6439,8
6439,6440,2
6440,6441,5
6441,6442,1
6442,6443,8
6443,6444,3
6444,6445,9
6445,6446,6
6446,6447,3
6447,6448,1
6448,6449,7
6449,6450,2
6450,6451,4
6451,6452,3
6452,6453,1
6453,6454,9
6454,6455,4
6455,6456,6
6456,6457,8
6457,6458,8
6458,6459,0
6459,6460,6
6460,6461,2
6461,6462,9
6462,6463,4
6463,6464,4
6464,6465,1
6465,6466,4
6466,6467,7
6467,6468,5
6468,6469,1
6469,6470,9
6470,6471,4
6471,6472,0
6472,6473,4
6473,6474,3
6474,6475,3
6475,6476,2
6476,6477,8
6477,6478,7
6478,6479,3
6479,6480,7
6480,6481,2
6481,6482,2
6482,6483,4
6483,6484,0
6484,6485,5
6485,6486,8
6486,6487,9
6487,6488,8
6488,6489,0
6489,6490,0
6490,6491,4
6491,6492,6
6492,6493,0
6493,6494,2
6494,6495,2
6495,6496,2
6496,6497,9
6497,6498,6
6498,6499,6
6499,6500,2
6500,6501,7
6501,6502,7
6502,6503,1
6503,6504,8
6504,6505,1
6505,6506,1
6506,6507,1
6507,6508,9
6508,6509,6
6509,6510,1
6510,6511,0
6511,6512,4
6512,6513,9
6513,6514,9
6514,6515,7
6515,6516,5
6516,6517,4
6517,6518,5
6518,6519,9
6519,6520,2
6520,6521,7
6521,6522,2
6522,6523,2
6523,6524,4
6524,6525,5
6525,6526,5
6526,6527,2
6527,6528,2
6528,6529,6
6529,6530,8
6530,6531,3
6531,6532,1
6532,6533,1
6533,6534,4
6534,6535,2
6535,6536,8
6536,6537,2
6537,6538,3
6538,6539,2
6539,6540,7
6540,6541,8
6541,6542,9
6542,6543,1
6543,6544,8
6544,6545,1
6545,6546,6
6546,6547,1
6547,6548,3
6548,6549,0
6549,6550,6
6550,6551,5
6551,6552,8
6552,6553,3
6553,6554,3
6554,6555,1
6555,6556,3
6556,6557,5
6557,6558,3
6558,6559,9
6559,6560,5
6560,6561,8
6561,6562,9
6562,6563,3
6563,6564,5
6564,6565,5
6565,6566,5
6566,6567,2
6567,6568,6
6568,6569,3
6569,6570,5
6570,6571,5
6571,6572,0
6572,6573,2
6573,6574,8
6574,6575,9
6575,6576,8
6576,6577,5
6577,6578,1
6578,6579,6
6579,6580,9
6580,6581,0
6581,6582,1
6582,6583,7
6583,6584,0
6584,6585,3
6585,6586,1
6586,6587,7
6587,6588,0
6588,6589,1
6589,6590,4
6590,6591,4
6591,6592,5
6592,6593,4
6593,6594,2
6594,6595,2
6595,6596,3
6596,6597,5
6597,6598,3
6598,6599,2
6599,6600,1
6600,6601,9
6601,6602,7
6602,6603,1
6603,6604,6
6604,6605,8
6605,6606,2
6606,6607,7
6607,6608,7
6608,6609,9
6609,6610,7
6610,6611,9
6611,6612,0
6612,6613,8
6613,6614,4
6614,6615,9
6615,6616,0
6616,6617,7
6617,6618,1
6618,6619,8
6619,6620,2
6620,6621,2
6621,6622,5
6622,6623,1
6623,6624,7
6624,6625,3
6625,6626,4
6626,6627,2
6627,6628,3
6628,6629,5
6629,6630,3
6630,6631,5
6631,6632,0
6632,6633,9
6633,6634,3
6634,6635,6
6635,6636,4
6636,6637,9
6637,6638,9
6638,6639,8
6639,6640,0
6640,6641,3
6641,6642,7
6642,6643,7
6643,6644,8
6644,6645,2
6645,6646,6
6646,6647,9
6647,6648,7
6648,6649,7
6649,6650,0
6650,6651,7
6651,6652,7
6652,6653,5
6653,6654,4
6654,6655,3
6655,6656,1
6656,6657,2
6657,6658,7
6658,6659,6
6659,6660,8
6660,6661,1
6661,6662,8
6662,6663,7
6663,6664,6
6664,6665,0
6665,6666,2
6666,6667,1
6667,6668,4
6668,6669,9
6669,6670,5
6670,6671,4
6671,6672,8
6672,6673,5
6673,6674,9
6674,6675,9
6675,6676,9
6676,6677,3
6677,6678,1
6678,6679,4
6679,6680,8
6680,6681,1
6681,6682,5
6682,6683,8
6683,6684,9
6684,6685,9
6685,6686,9
6686,6687,3
6687,6688,0
6688,6689,3
6689,6690,7
6690,6691,4
6691,6692,2
6692,6693,8
6693,6694,3
6694,6695,2
6695,6696,3
6696,6697,4
6697,6698,1
6698,6699,8
6699,6700,5
6700,6701,6
6701,6702,3
6702,6703,1
6703,6704,2
6704,6705,0
6705,6706,8
6706,6707,2
6707,6708,5
6708,6709,9
6709,6710,4
6710,6711,2
6711,6712,7
6712,6713,7
6713,6714,1
6714,6715,9
6715,6716,2
6716,6717,8
6717,6718,1
6718,6719,5
6719,6720,8
6720,6721,7
6721,6722,4
6722,6723,2
6723,6724,8
6724,6725,1
6725,6726,5
6726,6727,8
6727,6728,6
6728,6729,6
6729,6730,2
6730,6731,3
6731,6732,6
6732,6733,7
6733,6734,3
6734,6735,9
6735,6736,3
6736,6737,8
6737,6738,1
6738,6739,6
6739,6740,1
6740,6741,9
6741,6742,6
6742,6743,0
6743,6744,4
6744,6745,0
6745,6746,2
6746,6747,1
6747,6748,7
6748,6749,6
6749,6750,1
6750,6751,3
6751,6752,8
6752,6753,4
6753,6754,9
6754,6755,2
6755,6756,3
6756,6757,7
6757,6758,6
6758,6759,0
6759,6760,7
6760,6761,7
6761,6762,3
6762,6763,1
6763,6764,6
6764,6765,4
6765,6766,2
6766,6767,5
6767,6768,2
6768,6769,0
6769,6770,0
6770,6771,9
6771,6772,0
6772,6773,0
6773,6774,1
6774,6775,9
6775,6776,9
6776,6777,2
6777,6778,0
6778,6779,0
6779,6780,3
6780,6781,8
6781,6782,4
6782,6783,1
6783,6784,6
6784,6785,8
6785,6786,1
6786,6787,2
6787,6788,9
6788,6789,8
6789,6790,5
6790,6791,3
6791,6792,1
6792,6793,9
6793,6794,8
6794,6795,1
6795,6796,4
6796,6797,8
6797,6798,2
6798,6799,9
6799,6800,4
6800,6801,3
6801,6802,8
6802,6803,4
6803,6804,3
6804,6805,3
6805,6806,6
6806,6807,4
6807,6808,4
6808,6809,5
6809,6810,0
6810,6811,3
6811,6812,0
6812,6813,9
6813,6814,0
6814,6815,6
6815,6816,7
6816,6817,2
6817,6818,2
6818,6819,8
6819,6820,5
6820,6821,1
6821,6822,8
6822,6823,9
6823,6824,7
6824,6825,3
6825,6826,1
6826,6827,1
6827,6828,2
6828,6829,6
6829,6830,2
6830,6831,1
6831,6832,5
6832,6833,1
6833,6834,9
6834,6835,1
6835,6836,2
6836,6837,9
6837,6838,5
6838,6839,1
6839,6840,7
6840,6841,0
6841,6842,0
6842,6843,6
6843,6844,6
6844,6845,9
6845,6846,1
6846,6847,1
6847,6848,1
6848,6849,7
6849,6850,8
6850,6851,1
6851,6852,2
6852,6853,0
6853,6854,4
6854,6855,4
6855,6856,1
6856,6857,8
6857,6858,4
6858,6859,2
6859,6860,6
6860,6861,3
6861,6862,3
6862,6863,4
6863,6864,4
6864,6865,1
6865,6866,7
6866,6867,4
6867,6868,2
6868,6869,0
6869,6870,4
6870,6871,7
6871,6872,6
6872,6873,2
6873,6874,1
6874,6875,3
6875,6876,4
6876,6877,1
6877,6878,3
6878,6879,5
6879,6880,3
6880,6881,6
6881,6882,2
6882,6883,4
6883,6884,8
6884,6885,0
6885,6886,7
6886,6887,4
6887,6888,2
6888,6889,9
6889,6890,1
6890,6891,2
6891,6892,3
6892,6893,4
6893,6894,8
6894,6895,3
6895,6896,8
6896,6897,6
6897,6898,8
6898,6899,4
6899,6900,6
6900,6901,3
6901,6902,9
6902,6903,0
6903,6904,3
6904,6905,9
6905,6906,1
6906,6907,7
6907,6908,5
6908,6909,8
6909,6910,8
6910,6911,0
6911,6912,4
6912,6913,9
6913,6914,8
6914,6915,6
6915,6916,1
6916,6917,2
6917,6918,0
6918,6919,7
6919,6920,4
6920,6921,3
6921,6922,9
6922,6923,0
6923,6924,9
6924,6925,8
6925,6926,0
6926,6927,6
6927,6928,0
6928,6929,1
6929,6930,5
6930,6931,3
6931,6932,0
6932,6933,1
6933,6934,1
6934,6935,2
6935,6936,6
6936,6937,9
6937,6938,1
6938,6939,4
6939,6940,2
6940,6941,7
6941,6942,7
6942,6943,2
6943,6944,1
6944,6945,3
6945,6946,4
6946,6947,1
6947,6948,2
6948,6949,9
6949,6950,2
6950,6951,0
6951,6952,8
6952,6953,5
6953,6954,8
6954,6955,7
6955,6956,7
6956,6957,2
6957,6958,0
6958,6959,1
6959,6960,9
6960,6961,7
6961,6962,7
6962,6963,3
6963,6964,8
6964,6965,3
6965,6966,7
6966,6967,1
6967,6968,6
6968,6969,7
6969,6970,5
6970,6971,2
6971,6972,9
6972,6973,3
6973,6974,5
6974,6975,4
6975,6976,2
6976,6977,3
6977,6978,9
6978,6979,0
6979,6980,6
6980,6981,5
6981,6982,2
6982,6983,8
6983,6984,1
6984,6985,9
6985,6986,6
6986,6987,2
6987,6988,6
6988,6989,7
6989,6990,8
6990,6991,0
6991,6992,1
6992,6993,6
6993,6994,1
6994,6995,9
6995,6996,7
6996,6997,1
6997,6998,8
6998,6999,3
6999,7000,3
7000,7001,7
7001,7002,7
7002,7003,7
7003,7004,7
7004,7005,3
7005,7006,8
7006,7007,1
7007,7008,6
7008,7009,8
7009,7010,9
7010,7011,6
7011,7012,3
7012,7013,3
7013,7014,0
7014,7015,0
7015,7016,8
7016,7017,8
7017,7018,4
7018,7019,5
7019,7020,6
7020,7021,7
7021,7022,1
7022,7023,5
7023,7024,0
7024,7025,9
7025,7026,7
7026,7027,0
7027,7028,4
7028,7029,2
7029,7030,4
7030,7031,6
7031,7032,7
7032,7033,8
7033,7034,6
7034,7035,5
7035,7036,1
7036,7037,1
7037,7038,8
7038,7039,4
7039,7040,6
7040,7041,3
7041,7042,0
7042,7043,9
7043,7044,2
7044,7045,0
7045,7046,5
7046,7047,5
7047,7048,4
7048,7049,5
7049,7050,5
7050,7051,1
7051,7052,9
7052,7053,7
7053,7054,5
7054,7055,3
7055,7056,5
7056,7057,8
7057,7058,9
7058,7059,3
7059,7060,3
7060,7061,3
7061,7062,3
7062,7063,0
7063,7064,7
7064,7065,2
7065,7066,9
7066,7067,3
7067,7068,3
7068,7069,3
7069,7070,8
7070,7071,3
7071,7072,7
7072,7073,6
7073,7074,8
7074,7075,6
7075,7076,5
7076,7077,3
7077,7078,8
7078,7079,9
7079,7080,8
7080,7081,9
7081,7082,3
7082,7083,4
7083,7084,7
7084,7085,3
7085,7086,0
7086,7087,3
7087,7088,2
7088,7089,7
7089,7090,7
7090,7091,3
7091,7092,0
7092,7093,9
7093,7094,4
7094,7095,8
7095,7096,1
7096,7097,2
7097,7098,4
7098,7099,7
7099,7100,6
7100,7101,2
7101,7102,1
7102,7103,9
7103,7104,4
7104,7105,6
7105,7106,4
7106,7107,0
7107,7108,0
7108,7109,5
7109,7110,1
7110,7111,1
7111,7112,3
7112,7113,1
7113,7114,4
7114,7115,1
7115,7116,7
7116,7117,1
7117,7118,5
7118,7119,0
7119,7120,2
7120,7121,3
7121,7122,6
7122,7123,8
7123,7124,8
7124,7125,7
7125,7126,8
7126,7127,3
7127,7128,2
7128,7129,5
7129,7130,6
7130,7131,5
7131,7132,1
7132,7133,5
7133,7134,4
7134,7135,6
7135,7136,0
7136,7137,7
7137,7138,2
7138,7139,1
7139,7140,1
7140,7141,1
7141,7142,6
7142,7143,7
7143,7144,0
7144,7145,9
7145,7146,1
7146,7147,2
7147,7148,1
7148,7149,6
7149,7150,7
7150,7151,3
7151,7152,5
7152,7153,6
7153,7154,8
7154,7155,6
7155,7156,2
7156,7157,0
7157,7158,5
7158,7159,2
7159,7160,1
7160,7161,9
7161,7162,9
7162,7163,2
7163,7164,4
7164,7165,6
7165,7166,7
7166,7167,4
7167,7168,9
7168,7169,3
7169,7170,6
7170,7171,2
7171,7172,8
7172,7173,9
7173,7174,9
7174,7175,3
7175,7176,6
7176,7177,0
7177,7178,9
7178,7179,3
7179,7180,7
7180,7181,9
7181,7182,8
7182,7183,7
7183,7184,7
7184,7185,7
7185,7186,4
7186,7187,9
7187,7188,8
7188,7189,9
7189,7190,7
7190,7191,6
7191,7192,7
7192,7193,4
7193,7194,8
7194,7195,0
7195,7196,6
7196,7197,6
7197,7198,3
7198,7199,1
7199,7200,8
7200,7201,1
7201,7202,4
7202,7203,9
7203,7204,2
7204,7205,5
7205,7206,5
7206,7207,2
7207,7208,2
7208,7209,0
7209,7210,4
7210,7211,8
7211,7212,1
7212,7213,7
7213,7214,4
7214,7215,6
7215,7216,0
7216,7217,5
7217,7218,3
7218,7219,8
7219,7220,0
7220,7221,7
7221,7222,4
7222,7223,1
7223,7224,6
7224,7225,5
7225,7226,3
7226,7227,6
7227,7228,1
7228,7229,1
7229,7230,9
7230,7231,1
7231,7232,1
7232,7233,0
7233,7234,9
7234,7235,1
7235,7236,7
7236,7237,5
7237,7238,8
7238,7239,7
7239,7240,8
7240,7241,0
7241,7242,4
7242,7243,9
7243,7244,8
7244,7245,1
7245,7246,9
7246,7247,2
7247,7248,8
7248,7249,0
7249,7250,6
7250,7251,0
7251,7252,9
7252,7253,4
7253,7254,5
7254,7255,5
7255,7256,4
7256,7257,2
7257,7258,6
7258,7259,0
7259,7260,0
7260,7261,0
7261,7262,7
7262,7263,6
7263,7264,4
7264,7265,3
7265,7266,6
7266,7267,0
7267,7268,2
7268,7269,4
7269,7270,2
7270,7271,7
7271,7272,5
7272,7273,0
7273,7274,7
7274,7275,1
7275,7276,3
7276,7277,7
7277,7278,9
7278,7279,2
7279,7280,0
7280,7281,2
7281,7282,1
7282,7283,6
7283,7284,9
7284,7285,8
7285,7286,9
7286,7287,8
7287,7288,9
7288,7289,8
7289,7290,7
7290,7291,6
7291,7292,6
7292,7293,6
7293,7294,4
7294,7295,9
7295,7296,9
7296,7297,2
7297,7298,9
7298,7299,0
7299,7300,3
7300,7301,2
7301,7302,2
7302,7303,4
7303,7304,8
7304,7305,4
7305,7306,4
7306,7307,2
7307,7308,6
7308,7309,1
7309,7310,4
7310,7311,9
7311,7312,3
7312,7313,4
7313,7314,6
7314,7315,1
7315,7316,6
7316,7317,4
7317,7318,7
7318,7319,8
7319,7320,9
7320,7321,6
7321,7322,7
7322,7323,1
7323,7324,9
7324,7325,2
7325,7326,8
7326,7327,0
7327,7328,9
7328,7329,9
7329,7330,8
7330,7331,3
7331,7332,0
7332,7333,5
7333,7334,5
7334,7335,4
7335,7336,4
7336,7337,7
7337,7338,0
7338,7339,3
7339,7340,9
7340,7341,2
7341,7342,3
7342,7343,0
7343,7344,5
7344,7345,8
7345,7346,2
7346,7347,9
7347,7348,7
7348,7349,4
7349,7350,3
7350,7351,8
7351,7352,7
7352,7353,5
7353,7354,0
7354,7355,0
7355,7356,6
7356,7357,4
7357,7358,8
7358,7359,8
7359,7360,0
7360,7361,8
7361,7362,8
7362,7363,1
7363,7364,3
7364,7365,6
7365,7366,7
7366,7367,1
7367,7368,0
7368,7369,8
7369,7370,7
7370,7371,1
7371,7372,0
7372,7373,9
7373,7374,2
7374,7375,4
7375,7376,6
7376,7377,9
7377,7378,3
7378,7379,6
7379,7380,1
7380,7381,0
7381,7382,1
7382,7383,2
7383,7384,1
7384,7385,0
7385,7386,7
7386,7387,5
7387,7388,6
7388,7389,7
7389,7390,2
7390,7391,2
7391,7392,0
7392,7393,0
7393,7394,8
7394,7395,5
7395,7396,6
7396,7397,2
7397,7398,1
7398,7399,7
7399,7400,3
7400,7401,0
7401,7402,0
7402,7403,3
7403,7404,5
7404,7405,9
7405,7406,5
7406,7407,0
7407,7408,5
7408,7409,9
7409,7410,7
7410,7411,9
7411,7412,0
7412,7413,4
7413,7414,4
7414,7415,7
7415,7416,8
7416,7417,6
7417,7418,8
7418,7419,3
7419,7420,3
7420,7421,5
7421,7422,3
7422,7423,7
7423,7424,8
7424,7425,9
7425,7426,8
7426,7427,3
7427,7428,4
7428,7429,1
7429,7430,0
7430,7431,9
7431,7432,1
7432,7433,4
7433,7434,1
7434,7435,3
7435,7436,4
7436,7437,7
7437,7438,9
7438,7439,7
7439,7440,4
7440,7441,1
7441,7442,9
7442,7443,7
7443,7444,7
7444,7445,9
7445,7446,4
7446,7447,6
7447,7448,8
7448,7449,0
7449,7450,9
7450,7451,0
7451,7452,2
7452,7453,5
7453,7454,9
7454,7455,8
7455,7456,9
7456,7457,2
7457,7458,6
7458,7459,7
7459,7460,8
7460,7461,7
7461,7462,4
7462,7463,3
7463,7464,3
7464,7465,1
7465,7466,1
7466,7467,4
7467,7468,3
7468,7469,2
7469,7470,3
7470,7471,7
7471,7472,1
7472,7473,2
7473,7474,7
7474,7475,5
7475,7476,7
7476,7477,7
7477,7478,6
7478,7479,7
7479,7480,7
7480,7481,6
7481,7482,1
7482,7483,1
7483,7484,1
7484,7485,5
7485,7486,0
7486,7487,9
7487,7488,0
7488,7489,1
7489,7490,4
7490,7491,6
7491,7492,3
7492,7493,1
7493,7494,4
7494,7495,3
7495,7496,1
7496,7497,0
7497,7498,2
7498,7499,5
7499,7500,7
7500,7501,7
7501,7502,8
7502,7503,1
7503,7504,3
7504,7505,0
7505,7506,3
7506,7507,1
7507,7508,3
7508,7509,4
7509,7510,0
7510,7511,2
7511,7512,0
7512,7513,4
7513,7514,9
7514,7515,7
7515,7516,8
7516,7517,6
7517,7518,8
7518,7519,1
7519,7520,4
7520,7521,7
7521,7522,3
7522,7523,2
7523,7524,8
7524,7525,4
7525,7526,3
7526,7527,6
7527,7528,0
7528,7529,5
7529,7530,4
7530,7531,5
7531,7532,8
7532,7533,6
7533,7534,9
7534,7535,2
7535,7536,7
7536,7537,2
7537,7538,6
7538,7539,7
7539,7540,4
7540,7541,8
7541,7542,4
7542,7543,9
7543,7544,2
7544,7545,0
7545,7546,3
7546,7547,7
7547,7548,5
7548,7549,4
7549,7550,0
7550,7551,4
7551,7552,4
7552,7553,6
7553,7554,2
7554,7555,9
7555,7556,7
7556,7557,5
7557,7558,6
7558,7559,0
7559,7560,0
7560,7561,4
7561,7562,7
7562,7563,1
7563,7564,6
7564,7565,7
7565,7566,1
7566,7567,4
7567,7568,8
7568,7569,4
7569,7570,4
7570,7571,4
7571,7572,0
7572,7573,4
7573,7574,6
7574,7575,9
7575,7576,7
7576,7577,5
7577,7578,2
7578,7579,3
7579,7580,6
7580,7581,8
7581,7582,0
7582,7583,0
7583,7584,2
7584,7585,8
7585,7586,5
7586,7587,1
7587,7588,7
7588,7589,8
7589,7590,4
7590,7591,9
7591,7592,1
7592,7593,0
7593,7594,8
7594,7595,5
7595,7596,1
7596,7597,8
7597,7598,7
7598,7599,2
7599,7600,9
7600,7601,1
7601,7602,2
7602,7603,6
7603,7604,0
7604,7605,4
7605,7606,6
7606,7607,5
7607,7608,1
7608,7609,2
7609,7610,2
7610,7611,6
7611,7612,9
7612,7613,6
7613,7614,8
7614,7615,9
7615,7616,4
7616,7617,9
7617,7618,0
7618,7619,7
7619,7620,9
7620,7621,5
7621,7622,9
7622,7623,4
7623,7624,4
7624,7625,8
7625,7626,9
7626,7627,4
7627,7628,8
7628,7629,5
7629,7630,3
7630,7631,1
7631,7632,2
7632,7633,2
7633,7634,5
7634,7635,9
7635,7636,6
7636,7637,7
7637,7638,3
7638,7639,7
7639,7640,0
7640,7641,3
7641,7642,9
7642,7643,2
7643,7644,8
7644,7645,1
7645,7646,2
7646,7647,7
7647,7648,3
7648,7649,6
7649,7650,9
7650,7651,3
7651,7652,0
7652,7653,7
7653,7654,9
7654,7655,5
7655,7656,1
7656,7657,1
7657,7658,6
7658,7659,0
7659,7660,0
7660,7661,3
7661,7662,0
7662,7663,4
7663,7664,5
7664,7665,8
7665,7666,9
7666,7667,4
7667,7668,1
7668,7669,6
7669,7670,1
7670,7671,0
7671,7672,5
7672,7673,4
7673,7674,3
7674,7675,4
7675,7676,4
7676,7677,2
7677,7678,4
7678,7679,9
7679,7680,3
7680,7681,3
7681,7682,3
7682,7683,2
7683,7684,3
7684,7685,8
7685,7686,7
7686,7687,4
7687,7688,8
7688,7689,7
7689,7690,1
7690,7691,1
7691,7692,7
7692,7693,8
7693,7694,4
7694,7695,5
7695,7696,6
7696,7697,2
7697,7698,2
7698,7699,7
7699,7700,9
7700,7701,4
7701,7702,9
7702,7703,6
7703,7704,8
7704,7705,7
7705,7706,3
7706,7707,0
7707,7708,8
7708,7709,0
7709,7710,1
7710,7711,7
7711,7712,0
7712,7713,0
7713,7714,3
7714,7715,2
7715,7716,1
7716,7717,9
7717,7718,3
7718,7719,8
7719,7720,4
7720,7721,9
7721,7722,7
7722,7723,4
7723,7724,2
7724,7725,6
7725,7726,1
7726,7727,0
7727,7728,1
7728,7729,1
7729,7730,4
7730,7731,8
7731,7732,3
7732,7733,7
7733,7734,5
7734,7735,5
7735,7736,5
7736,7737,9
7737,7738,9
7738,7739,3
7739,7740,0
7740,7741,5
7741,7742,1
7742,7743,1
7743,7744,7
7744,7745,7
7745,7746,9
7746,7747,8
7747,7748,5
7748,7749,6
7749,7750,1
7750,7751,5
7751,7752,8
7752,7753,7
7753,7754,5
7754,7755,1
7755,7756,2
7756,7757,4
7757,7758,5
7758,7759,5
7759,7760,3
7760,7761,6
7761,7762,4
7762,7763,4
7763,7764,1
7764,7765,0
7765,7766,8
7766,7767,4
7767,7768,4
7768,7769,9
7769,7770,4
7770,7771,4
7771,7772,5
7772,7773,7
7773,7774,2
7774,7775,3
7775,7776,0
7776,7777,0
7777,7778,3
7778,7779,8
7779,7780,6
7780,7781,8
7781,7782,2
7782,7783,6
7783,7784,6
7784,7785,6
7785,7786,8
7786,7787,4
7787,7788,3
7788,7789,2
7789,7790,0
7790,7791,7
7791,7792,8
7792,7793,8
7793,7794,0
7794,7795,0
7795,7796,4
7796,7797,6
7797,7798,4
7798,7799,1
7799,7800,7
7800,7801,6
7801,7802,9
7802,7803,9
7803,7804,4
7804,7805,9
7805,7806,3
7806,7807,5
7807,7808,3
7808,7809,6
7809,7810,1
7810,7811,5
7811,7812,2
7812,7813,8
7813,7814,5
7814,7815,9
7815,7816,6
7816,7817,9
7817,7818,3
7818,7819,1
7819,7820,2
7820,7821,4
7821,7822,7
7822,7823,0
7823,7824,0
7824,7825,6
7825,7826,1
7826,7827,7
7827,7828,9
7828,7829,3
7829,7830,3
7830,7831,2
7831,7832,5
7832,7833,0
7833,7834,0
7834,7835,7
7835,7836,6
7836,7837,9
7837,7838,3
7838,7839,6
7839,7840,3
7840,7841,0
7841,7842,8
7842,7843,2
7843,7844,8
7844,7845,4
7845,7846,8
7846,7847,6
7847,7848,0
7848,7849,5
7849,7850,4
7850,7851,9
7851,7852,7
7852,7853,5
7853,7854,6
7854,7855,6
7855,7856,6
7856,7857,2
7857,7858,2
7858,7859,4
7859,7860,9
7860,7861,7
7861,7862,5
7862,7863,2
7863,7864,3
7864,7865,3
7865,7866,5
7866,7867,3
7867,7868,9
7868,7869,8
7869,7870,4
7870,7871,1
7871,7872,6
7872,7873,3
7873,7874,4
7874,7875,6
7875,7876,3
7876,7877,3
7877,7878,7
7878,7879,0
7879,7880,9
7880,7881,1
7881,7882,8
7882,7883,2
7883,7884,7
7884,7885,3
7885,7886,8
7886,7887,8
7887,7888,1
7888,7889,5
7889,7890,4
7890,7891,9
7891,7892,3
7892,7893,6
7893,7894,2
7894,7895,5
7895,7896,9
7896,7897,8
7897,7898,5
7898,7899,4
7899,7900,4
7900,7901,8
7901,7902,8
7902,7903,7
7903,7904,5
7904,7905,2
7905,7906,7
7906,7907,1
7907,7908,9
7908,7909,0
7909,7910,3
7910,7911,2
7911,7912,3
7912,7913,2
7913,7914,9
7914,7915,3
7915,7916,5
7916,7917,5
7917,7918,8
7918,7919,2
7919,7920,7
7920,7921,5
7921,7922,8
7922,7923,7
7923,7924,9
7924,7925,1
7925,7926,1
7926,7927,9
7927,7928,5
7928,7929,4
7929,7930,0
7930,7931,0
7931,7932,2
7932,7933,6
7933,7934,7
7934,7935,8
7935,7936,3
7936,7937,3
7937,7938,8
7938,7939,1
7939,7940,6
7940,7941,8
7941,7942,3
7942,7943,1
7943,7944,6
7944,7945,1
7945,7946,3
7946,7947,6
7947,7948,7
7948,7949,1
7949,7950,9
7950,7951,7
7951,7952,3
7952,7953,2
7953,7954,0
7954,7955,8
7955,7956,6
7956,7957,7
7957,7958,0
7958,7959,7
7959,7960,5
7960,7961,6
7961,7962,6
7962,7963,3
7963,7964,9
7964,7965,9
7965,7966,4
7966,7967,1
7967,7968,5
7968,7969,0
7969,7970,3
7970,7971,3
7971,7972,8
7972,7973,4
7973,7974,9
7974,7975,7
7975,7976,1
7976,7977,9
7977,7978,0
7978,7979,3
7979,7980,3
7980,7981,6
7981,7982,1
7982,7983,0
7983,7984,1
7984,7985,2
7985,7986,1
7986,7987,1
7987,7988,0
7988,7989,4
7989,7990,8
7990,7991,1
7991,7992,0
7992,7993,9
7993,7994,4
7994,7995,1
7995,7996,1
7996,7997,6
7997,7998,1
7998,7999,6
7999,8000,0
8000,8001,7
8001,8002,7
8002,8003,8
8003,8004,2
8004,8005,6
8005,8006,3
8006,8007,6
8007,8008,4
8008,8009,9
8009,8010,9
8010,8011,0
8011,8012,0
8012,8013,2
8013,8014,8
8014,8015,7
8015,8016,2
8016,8017,9
8017,8018,4
8018,8019,8
8019,8020,8
8020,8021,7
8021,8022,3
8022,8023,7
8023,8024,9
8024,8025,9
8025,8026,2
8026,8027,7
8027,8028,9
8028,8029,1
8029,8030,2
8030,8031,6
8031,8032,2
8032,8033,4
8033,8034,9
8034,8035,6
8035,8036,4
8036,8037,1
8037,8038,4
8038,8039,1
8039,8040,7
8040,8041,0
8041,8042,8
8042,8043,2
8043,8044,4
8044,8045,2
8045,8046,2
8046,8047,1
8047,8048,0
8048,8049,7
8049,8050,9
8050,8051,8
8051,8052,7
8052,8053,2
8053,8054,8
8054,8055,4
8055,8056,6
8056,8057,3
8057,8058,3
8058,8059,9
8059,8060,3
8060,8061,5
8061,8062,9
8062,8063,6
8063,8064,7
8064,8065,0
8065,8066,6
8066,8067,6
8067,8068,4
8068,8069,3
8069,8070,2
8070,8071,0
8071,8072,9
8072,8073,1
8073,8074,6
8074,8075,1
8075,8076,6
8076,8077,0
8077,8078,5
8078,8079,5
8079,8080,2
8080,8081,5
8081,8082,7
8082,8083,8
8083,8084,3
8084,8085,3
8085,8086,3
8086,8087,7
8087,8088,3
8088,8089,3
8089,8090,9
8090,8091,8
8091,8092,3
8092,8093,1
8093,8094,9
8094,8095,2
8095,8096,9
8096,8097,0
8097,8098,8
8098,8099,8
8099,8100,9
8100,8101,2
8101,8102,6
8102,8103,0
8103,8104,0
8104,8105,1
8105,8106,7
8106,8107,5
8107,8108,3
8108,8109,8
8109,8110,7
8110,8111,8
8111,8112,0
8112,8113,6
8113,8114,6
8114,8115,7
8115,8116,1
8116,8117,9
8117,8118,0
8118,8119,7
8119,8120,0
8120,8121,6
8121,8122,3
8122,8123,8
8123,8124,2
8124,8125,9
8125,8126,6
8126,8127,2
8127,8128,1
8128,8129,0
8129,8130,3
8130,8131,0
8131,8132,6
8132,8133,5
8133,8134,0
8134,8135,8
8135,8136,9
8136,8137,9
8137,8138,9
8138,8139,5
8139,8140,0
8140,8141,4
8141,8142,7
8142,8143,3
8143,8144,4
8144,8145,8
8145,8146,1
8146,8147,5
8147,8148,4
8148,8149,6
8149,8150,8
8150,8151,2
8151,8152,9
8152,8153,6
8153,8154,9
8154,8155,6
8155,8156,9
8156,8157,8
8157,8158,4
8158,8159,2
8159,8160,2
8160,8161,4
8161,8162,4
8162,8163,1
8163,8164,4
8164,8165,0
8165,8166,5
8166,8167,7
8167,8168,5
8168,8169,1
8169,8170,0
8170,8171,0
8171,8172,2
8172,8173,6
8173,8174,1
8174,8175,2
8175,8176,8
8176,8177,3
8177,8178,8
8178,8179,6
8179,8180,8
8180,8181,7
8181,8182,2
8182,8183,4
8183,8184,4
8184,8185,9
8185,8186,8
8186,8187,6
8187,8188,0
8188,8189,5
8189,8190,9
8190,8191,5
8191,8192,5
8192,8193,1
8193,8194,7
8194,8195,8
8195,8196,1
8196,8197,1
8197,8198,7
8198,8199,3
8199,8200,5
8200,8201,1
8201,8202,9
8202,8203,8
8203,8204,7
8204,8205,0
8205,8206,5
8206,8207,8
8207,8208,6
8208,8209,0
8209,8210,2
8210,8211,3
8211,8212,9
8212,8213,7
8213,8214,3
8214,8215,2
8215,8216,8
8216,8217,9
8217,8218,7
8218,8219,9
8219,8220,2
8220,8221,0
8221,8222,4
8222,8223,9
8223,8224,8
8224,8225,8
8225,8226,4
8226,8227,4
8227,8228,7
8228,8229,8
8229,8230,1
8230,8231,2
8231,8232,6
8232,8233,1
8233,8234,5
8234,8235,3
8235,8236,7
8236,8237,1
8237,8238,2
8238,8239,2
8239,8240,1
8240,8241,7
8241,8242,0
8242,8243,3
8243,8244,4
8244,8245,9
8245,8246,8
8246,8247,6
8247,8248,6
8248,8249,3
8249,8250,6
8250,8251,7
8251,8252,7
8252,8253,7
8253,8254,6
8254,8255,8
8255,8256,0
8256,8257,9
8257,8258,7
8258,8259,4
8259,8260,2
8260,8261,8
8261,8262,2
8262,8263,1
8263,8264,2
8264,8265,8
8265,8266,7
8266,8267,9
8267,8268,4
8268,8269,0
8269,8270,5
8270,8271,2
8271,8272,9
8272,8273,9
8273,8274,7
8274,8275,3
8275,8276,3
8276,8277,2
8277,8278,8
8278,8279,0
8279,8280,1
8280,8281,7
8281,8282,9
8282,8283,6
8283,8284,8
8284,8285,2
8285,8286,0
8286,8287,1
8287,8288,4
8288,8289,5
8289,8290,0
8290,8291,5
8291,8292,1
8292,8293,1
8293,8294,1
8294,8295,0
8295,8296,7
8296,8297,8
8297,8298,0
8298,8299,4
8299,8300,1
8300,8301,0
8301,8302,3
8302,8303,4
8303,8304,6
8304,8305,0
8305,8306,5
8306,8307,7
8307,8308,8
8308,8309,5
8309,8310,3
8310,8311,7
8311,8312,4
8312,8313,6
8313,8314,3
8314,8315,7
8315,8316,8
8316,8317,1
8317,8318,6
8318,8319,3
8319,8320,4
8320,8321,8
8321,8322,9
8322,8323,2
8323,8324,8
8324,8325,1
8325,8326,3
8326,8327,2
8327,8328,2
8328,8329,5
8329,8330,3
8330,8331,6
8331,8332,2
8332,8333,2
8333,8334,9
8334,8335,1
8335,8336,9
8336,8337,4
8337,8338,2
8338,8339,3
8339,8340,7
8340,8341,7
8341,8342,1
8342,8343,1
8343,8344,3
8344,8345,2
8345,8346,4
8346,8347,0
8347,8348,2
8348,8349,1
8349,8350,3
8350,8351,8
8351,8352,6
8352,8353,0
8353,8354,6
8354,8355,2
8355,8356,4
8356,8357,9
8357,8358,1
8358,8359,2
8359,8360,5
8360,8361,6
8361,8362,2
8362,8363,7
8363,8364,7
8364,8365,9
8365,8366,6
8366,8367,9
8367,8368,8
8368,8369,6
8369,8370,1
8370,8371,4
8371,8372,5
8372,8373,2
8373,8374,4
8374,8375,4
8375,8376,0
8376,8377,5
8377,8378,2
8378,8379,4
8379,8380,3
8380,8381,3
8381,8382,1
8382,8383,7
8383,8384,3
8384,8385,9
8385,8386,7
8386,8387,8
8387,8388,0
8388,8389,3
8389,8390,3
8390,8391,1
8391,8392,4
8392,8393,7
8393,8394,9
8394,8395,1
8395,8396,1
8396,8397,6
8397,8398,8
8398,8399,8
8399,8400,8
